roll_num,die1,die2,total
1,2,2,4
2,4,2,6
3,4,3,7
4,5,1,6
5,1,3,4
6,1,1,2
7,4,1,5
8,1,1,2
9,6,3,9
10,6,1,7
11,1,4,5
12,2,5,7
13,1,1,2
14,2,3,5
15,2,6,8
16,1,5,6
17,3,3,6
18,1,5,6
19,5,1,6
20,3,4,7
21,4,3,7
22,1,3,4
23,2,4,6
24,2,1,3
25,6,2,8
26,4,6,10
27,1,6,7
28,1,5,6
29,2,5,7
30,4,4,8
31,6,4,10
32,4,6,10
33,2,1,3
34,2,5,7
35,6,2,8
36,6,4,10
37,1,4,5
38,4,4,8
39,4,5,9
40,5,4,9
41,3,3,6
42,1,3,4
43,5,4,9
44,6,4,10
45,1,5,6
46,4,1,5
47,3,6,9
48,2,4,6
49,6,1,7
50,5,5,10
51,4,5,9
52,6,1,7
53,1,6,7
54,3,3,6
55,1,6,7
56,6,4,10
57,5,2,7
58,6,1,7
59,2,1,3
60,5,1,6
61,5,5,10
62,6,3,9
63,5,4,9
64,2,6,8
65,1,3,4
66,5,6,11
67,4,4,8
68,2,2,4
69,3,2,5
70,5,6,11
71,2,3,5
72,3,2,5
73,1,1,2
74,3,2,5
75,1,3,4
76,6,1,7
77,2,1,3
78,2,6,8
79,6,1,7
80,5,5,10
81,1,3,4
82,2,2,4
83,3,5,8
84,4,1,5
85,2,4,6
86,1,6,7
87,4,3,7
88,2,5,7
89,5,5,10
90,4,5,9
91,3,6,9
92,4,3,7
93,4,1,5
94,6,4,10
95,4,5,9
96,2,6,8
97,5,2,7
98,6,5,11
99,4,5,9
100,4,3,7
101,6,3,9
102,5,4,9
103,1,1,2
104,2,1,3
105,3,5,8
106,4,4,8
107,5,5,10
108,2,4,6
109,6,2,8
110,3,1,4
111,4,2,6
112,6,2,8
113,1,3,4
114,5,2,7
115,5,6,11
116,2,1,3
117,4,1,5
118,2,3,5
119,3,3,6
120,5,6,11
121,5,5,10
122,5,3,8
123,2,5,7
124,5,1,6
125,2,5,7
126,1,5,6
127,1,6,7
128,2,5,7
129,5,6,11
130,6,1,7
131,4,2,6
132,5,6,11
133,4,2,6
134,6,3,9
135,4,5,9
136,1,1,2
137,1,5,6
138,3,2,5
139,3,3,6
140,2,2,4
141,4,3,7
142,3,3,6
143,5,5,10
144,4,6,10
145,2,4,6
146,2,1,3
147,6,6,12
148,4,3,7
149,5,3,8
150,2,4,6
151,4,2,6
152,5,5,10
153,4,2,6
154,1,3,4
155,4,2,6
156,5,5,10
157,1,1,2
158,2,1,3
159,1,5,6
160,5,5,10
161,6,5,11
162,6,6,12
163,5,3,8
164,4,3,7
165,4,2,6
166,5,6,11
167,3,6,9
168,4,3,7
169,1,6,7
170,2,2,4
171,3,4,7
172,3,2,5
173,5,3,8
174,2,2,4
175,5,4,9
176,2,6,8
177,3,2,5
178,2,1,3
179,2,1,3
180,2,3,5
181,6,6,12
182,6,4,10
183,2,3,5
184,1,5,6
185,2,2,4
186,4,1,5
187,5,2,7
188,6,3,9
189,6,1,7
190,1,6,7
191,4,1,5
192,2,6,8
193,1,1,2
194,6,2,8
195,2,2,4
196,5,1,6
197,2,6,8
198,3,1,4
199,6,5,11
200,4,1,5
201,3,5,8
202,2,3,5
203,1,5,6
204,5,5,10
205,1,2,3
206,6,6,12
207,5,4,9
208,4,4,8
209,5,6,11
210,6,6,12
211,6,4,10
212,1,3,4
213,5,2,7
214,6,4,10
215,3,6,9
216,3,6,9
217,4,5,9
218,3,4,7
219,1,5,6
220,4,3,7
221,5,5,10
222,2,1,3
223,4,6,10
224,5,6,11
225,5,4,9
226,2,5,7
227,5,6,11
228,5,1,6
229,6,6,12
230,3,1,4
231,3,1,4
232,1,1,2
233,3,4,7
234,2,4,6
235,4,2,6
236,5,1,6
237,2,6,8
238,4,1,5
239,6,6,12
240,3,5,8
241,6,1,7
242,2,6,8
243,1,1,2
244,1,6,7
245,5,6,11
246,3,3,6
247,2,4,6
248,1,2,3
249,1,1,2
250,4,6,10
251,1,3,4
252,4,4,8
253,5,5,10
254,3,1,4
255,5,1,6
256,6,4,10
257,4,6,10
258,3,4,7
259,2,3,5
260,4,4,8
261,4,5,9
262,4,2,6
263,5,2,7
264,1,1,2
265,2,4,6
266,6,3,9
267,5,1,6
268,4,5,9
269,2,1,3
270,6,2,8
271,4,1,5
272,1,1,2
273,2,2,4
274,5,4,9
275,4,1,5
276,3,2,5
277,5,3,8
278,4,4,8
279,3,3,6
280,3,4,7
281,3,6,9
282,5,4,9
283,5,1,6
284,6,6,12
285,2,1,3
286,3,5,8
287,6,5,11
288,6,2,8
289,3,3,6
290,5,5,10
291,6,6,12
292,1,5,6
293,2,2,4
294,2,5,7
295,1,1,2
296,6,4,10
297,4,4,8
298,2,6,8
299,4,6,10
300,5,1,6
301,3,2,5
302,3,2,5
303,4,6,10
304,1,3,4
305,3,1,4
306,1,5,6
307,1,2,3
308,4,5,9
309,4,6,10
310,3,3,6
311,2,4,6
312,3,5,8
313,3,5,8
314,5,6,11
315,6,6,12
316,1,2,3
317,2,2,4
318,2,4,6
319,3,3,6
320,2,5,7
321,5,6,11
322,4,3,7
323,3,1,4
324,2,4,6
325,3,4,7
326,2,2,4
327,5,1,6
328,2,4,6
329,6,2,8
330,6,1,7
331,6,3,9
332,3,6,9
333,2,1,3
334,6,3,9
335,5,3,8
336,1,5,6
337,1,5,6
338,2,6,8
339,3,1,4
340,3,4,7
341,2,4,6
342,3,5,8
343,4,2,6
344,4,6,10
345,1,3,4
346,2,5,7
347,3,4,7
348,6,6,12
349,4,4,8
350,1,3,4
351,1,1,2
352,1,1,2
353,4,2,6
354,1,4,5
355,2,5,7
356,6,4,10
357,2,5,7
358,5,1,6
359,2,6,8
360,2,5,7
361,6,2,8
362,2,4,6
363,1,1,2
364,6,4,10
365,4,6,10
366,5,3,8
367,6,6,12
368,1,2,3
369,5,2,7
370,5,6,11
371,1,4,5
372,5,5,10
373,3,2,5
374,4,5,9
375,1,4,5
376,5,2,7
377,3,5,8
378,3,1,4
379,4,6,10
380,3,1,4
381,3,2,5
382,2,3,5
383,5,4,9
384,3,2,5
385,1,2,3
386,3,6,9
387,1,1,2
388,3,2,5
389,2,5,7
390,2,1,3
391,1,3,4
392,4,2,6
393,1,6,7
394,5,1,6
395,5,4,9
396,2,1,3
397,4,6,10
398,1,5,6
399,6,3,9
400,6,4,10
401,4,1,5
402,4,5,9
403,5,5,10
404,4,1,5
405,2,4,6
406,2,1,3
407,3,5,8
408,4,3,7
409,1,3,4
410,6,4,10
411,6,6,12
412,3,6,9
413,1,5,6
414,5,2,7
415,6,1,7
416,3,6,9
417,4,4,8
418,1,1,2
419,4,6,10
420,3,4,7
421,2,6,8
422,5,1,6
423,5,4,9
424,3,3,6
425,3,3,6
426,1,6,7
427,2,2,4
428,5,2,7
429,1,4,5
430,5,5,10
431,2,1,3
432,3,3,6
433,3,6,9
434,6,2,8
435,3,1,4
436,3,4,7
437,6,6,12
438,3,6,9
439,3,5,8
440,2,2,4
441,6,4,10
442,1,6,7
443,2,5,7
444,1,3,4
445,4,5,9
446,3,2,5
447,2,2,4
448,6,3,9
449,1,4,5
450,5,5,10
451,4,5,9
452,2,4,6
453,4,4,8
454,5,4,9
455,3,5,8
456,5,3,8
457,1,3,4
458,1,1,2
459,5,5,10
460,4,4,8
461,3,6,9
462,1,3,4
463,4,6,10
464,2,3,5
465,4,4,8
466,1,3,4
467,6,2,8
468,2,1,3
469,1,6,7
470,3,5,8
471,5,1,6
472,6,6,12
473,5,3,8
474,6,2,8
475,5,5,10
476,4,2,6
477,1,4,5
478,2,5,7
479,6,1,7
480,3,2,5
481,3,5,8
482,1,5,6
483,3,2,5
484,1,6,7
485,6,2,8
486,2,5,7
487,2,5,7
488,4,2,6
489,1,4,5
490,2,6,8
491,5,6,11
492,3,6,9
493,5,5,10
494,2,4,6
495,3,4,7
496,3,4,7
497,5,5,10
498,2,5,7
499,2,2,4
500,4,2,6
501,6,6,12
502,1,3,4
503,5,1,6
504,6,3,9
505,2,3,5
506,4,5,9
507,6,2,8
508,1,4,5
509,5,6,11
510,3,4,7
511,5,3,8
512,1,3,4
513,2,2,4
514,6,6,12
515,6,2,8
516,6,6,12
517,4,2,6
518,1,2,3
519,6,1,7
520,4,3,7
521,6,6,12
522,2,2,4
523,6,5,11
524,2,5,7
525,4,5,9
526,3,4,7
527,3,5,8
528,1,5,6
529,5,3,8
530,2,6,8
531,6,6,12
532,3,6,9
533,6,3,9
534,1,6,7
535,3,3,6
536,3,6,9
537,2,6,8
538,2,1,3
539,5,3,8
540,4,6,10
541,1,1,2
542,4,5,9
543,3,2,5
544,5,6,11
545,6,5,11
546,3,4,7
547,4,4,8
548,5,3,8
549,6,3,9
550,4,3,7
551,3,5,8
552,2,4,6
553,5,3,8
554,1,5,6
555,6,6,12
556,6,4,10
557,3,4,7
558,3,1,4
559,6,3,9
560,6,5,11
561,1,5,6
562,3,4,7
563,6,6,12
564,5,2,7
565,1,1,2
566,4,1,5
567,2,6,8
568,5,1,6
569,2,3,5
570,6,4,10
571,6,6,12
572,6,1,7
573,6,4,10
574,1,5,6
575,5,5,10
576,4,3,7
577,4,2,6
578,4,3,7
579,5,5,10
580,1,6,7
581,3,4,7
582,4,3,7
583,3,2,5
584,2,3,5
585,4,5,9
586,5,2,7
587,5,5,10
588,2,3,5
589,1,5,6
590,4,5,9
591,5,2,7
592,1,4,5
593,1,2,3
594,5,2,7
595,4,3,7
596,3,3,6
597,4,6,10
598,4,2,6
599,4,3,7
600,2,6,8
601,3,4,7
602,6,3,9
603,2,3,5
604,6,5,11
605,4,4,8
606,2,5,7
607,4,5,9
608,5,2,7
609,5,1,6
610,5,4,9
611,5,6,11
612,1,4,5
613,1,6,7
614,4,4,8
615,5,5,10
616,5,6,11
617,4,5,9
618,3,3,6
619,1,1,2
620,6,2,8
621,4,4,8
622,6,4,10
623,5,6,11
624,3,6,9
625,6,6,12
626,3,4,7
627,4,5,9
628,4,6,10
629,5,4,9
630,2,3,5
631,4,4,8
632,3,1,4
633,1,6,7
634,3,2,5
635,3,5,8
636,1,4,5
637,2,3,5
638,1,6,7
639,5,3,8
640,6,4,10
641,6,4,10
642,1,1,2
643,2,4,6
644,2,3,5
645,5,5,10
646,4,4,8
647,3,6,9
648,6,2,8
649,3,3,6
650,1,2,3
651,4,2,6
652,6,1,7
653,4,6,10
654,2,2,4
655,5,1,6
656,6,1,7
657,5,1,6
658,6,1,7
659,3,6,9
660,5,4,9
661,6,6,12
662,5,3,8
663,3,6,9
664,4,3,7
665,3,6,9
666,5,1,6
667,3,5,8
668,2,5,7
669,2,2,4
670,5,4,9
671,3,3,6
672,4,3,7
673,4,3,7
674,2,3,5
675,5,1,6
676,6,2,8
677,6,5,11
678,5,5,10
679,3,6,9
680,6,1,7
681,5,5,10
682,3,2,5
683,3,6,9
684,2,5,7
685,4,3,7
686,5,2,7
687,5,2,7
688,3,5,8
689,3,5,8
690,1,5,6
691,1,2,3
692,6,5,11
693,6,6,12
694,6,2,8
695,6,3,9
696,1,5,6
697,2,5,7
698,4,1,5
699,1,3,4
700,2,2,4
701,4,2,6
702,5,2,7
703,2,5,7
704,6,6,12
705,6,4,10
706,6,4,10
707,4,2,6
708,6,6,12
709,6,4,10
710,4,2,6
711,1,2,3
712,1,2,3
713,6,4,10
714,4,5,9
715,3,6,9
716,1,3,4
717,6,4,10
718,4,4,8
719,4,5,9
720,4,1,5
721,5,3,8
722,4,5,9
723,2,5,7
724,1,1,2
725,5,1,6
726,4,1,5
727,6,2,8
728,5,6,11
729,6,2,8
730,5,2,7
731,2,3,5
732,6,4,10
733,2,6,8
734,3,2,5
735,3,5,8
736,2,5,7
737,3,1,4
738,6,3,9
739,1,4,5
740,4,6,10
741,5,1,6
742,6,6,12
743,5,6,11
744,5,3,8
745,5,1,6
746,2,6,8
747,1,1,2
748,3,6,9
749,3,4,7
750,2,3,5
751,2,6,8
752,2,5,7
753,1,5,6
754,2,1,3
755,6,5,11
756,4,2,6
757,6,5,11
758,6,6,12
759,5,6,11
760,2,4,6
761,4,6,10
762,3,1,4
763,1,4,5
764,6,2,8
765,5,3,8
766,2,5,7
767,4,2,6
768,4,2,6
769,3,4,7
770,5,6,11
771,5,3,8
772,6,2,8
773,1,4,5
774,1,5,6
775,2,5,7
776,6,6,12
777,2,5,7
778,6,6,12
779,1,1,2
780,3,2,5
781,5,2,7
782,4,1,5
783,5,1,6
784,3,1,4
785,4,2,6
786,1,4,5
787,6,5,11
788,5,4,9
789,2,3,5
790,1,6,7
791,6,2,8
792,2,4,6
793,1,5,6
794,5,3,8
795,1,1,2
796,6,6,12
797,2,5,7
798,1,4,5
799,2,5,7
800,3,3,6
801,1,4,5
802,5,3,8
803,6,2,8
804,3,1,4
805,3,5,8
806,6,1,7
807,6,5,11
808,3,5,8
809,1,1,2
810,2,2,4
811,2,2,4
812,4,1,5
813,2,3,5
814,2,5,7
815,6,3,9
816,3,5,8
817,1,1,2
818,4,3,7
819,3,1,4
820,4,2,6
821,4,6,10
822,2,4,6
823,2,4,6
824,1,2,3
825,2,2,4
826,6,3,9
827,1,4,5
828,5,3,8
829,3,5,8
830,1,6,7
831,1,3,4
832,5,4,9
833,2,6,8
834,2,1,3
835,6,5,11
836,5,1,6
837,5,4,9
838,6,2,8
839,2,6,8
840,3,1,4
841,6,1,7
842,2,4,6
843,5,5,10
844,4,2,6
845,5,1,6
846,2,1,3
847,5,5,10
848,5,4,9
849,3,5,8
850,6,6,12
851,1,5,6
852,3,3,6
853,5,4,9
854,4,3,7
855,3,6,9
856,2,5,7
857,1,6,7
858,3,2,5
859,5,5,10
860,1,4,5
861,2,5,7
862,3,5,8
863,5,6,11
864,5,3,8
865,4,3,7
866,5,5,10
867,3,2,5
868,6,5,11
869,6,1,7
870,6,6,12
871,3,6,9
872,2,6,8
873,5,6,11
874,6,1,7
875,6,5,11
876,2,5,7
877,4,5,9
878,4,5,9
879,6,2,8
880,3,6,9
881,6,4,10
882,3,6,9
883,5,5,10
884,2,3,5
885,6,2,8
886,2,3,5
887,3,4,7
888,1,4,5
889,2,1,3
890,1,5,6
891,2,1,3
892,4,5,9
893,6,1,7
894,5,5,10
895,6,2,8
896,1,4,5
897,3,2,5
898,3,4,7
899,6,1,7
900,1,6,7
901,4,2,6
902,6,2,8
903,2,4,6
904,5,3,8
905,4,1,5
906,3,2,5
907,5,4,9
908,6,6,12
909,3,1,4
910,3,4,7
911,3,3,6
912,1,3,4
913,6,4,10
914,4,3,7
915,1,5,6
916,3,2,5
917,6,4,10
918,6,5,11
919,6,2,8
920,6,4,10
921,2,6,8
922,1,1,2
923,4,4,8
924,2,3,5
925,6,6,12
926,1,6,7
927,3,3,6
928,1,3,4
929,4,2,6
930,1,3,4
931,5,6,11
932,3,3,6
933,3,3,6
934,5,3,8
935,5,6,11
936,6,3,9
937,5,1,6
938,6,6,12
939,6,1,7
940,2,3,5
941,4,1,5
942,6,2,8
943,2,1,3
944,5,5,10
945,2,4,6
946,5,2,7
947,5,5,10
948,4,6,10
949,3,5,8
950,3,1,4
951,5,4,9
952,5,4,9
953,2,2,4
954,2,1,3
955,5,2,7
956,4,4,8
957,5,5,10
958,1,5,6
959,2,6,8
960,3,3,6
961,6,6,12
962,4,3,7
963,1,5,6
964,5,3,8
965,1,2,3
966,1,3,4
967,3,6,9
968,1,1,2
969,2,2,4
970,2,4,6
971,1,4,5
972,4,1,5
973,1,4,5
974,5,2,7
975,3,4,7
976,3,6,9
977,5,6,11
978,1,5,6
979,5,3,8
980,4,2,6
981,5,2,7
982,6,5,11
983,5,5,10
984,1,5,6
985,2,4,6
986,3,6,9
987,3,4,7
988,3,2,5
989,6,1,7
990,1,4,5
991,5,5,10
992,2,1,3
993,3,6,9
994,2,4,6
995,2,4,6
996,3,3,6
997,3,6,9
998,3,4,7
999,6,5,11
1000,2,1,3
1001,5,1,6
1002,3,5,8
1003,3,4,7
1004,3,1,4
1005,5,1,6
1006,1,2,3
1007,6,2,8
1008,4,5,9
1009,2,3,5
1010,4,2,6
1011,4,5,9
1012,4,5,9
1013,6,2,8
1014,2,4,6
1015,4,3,7
1016,5,6,11
1017,6,1,7
1018,4,2,6
1019,2,2,4
1020,1,6,7
1021,4,5,9
1022,2,5,7
1023,5,1,6
1024,1,2,3
1025,4,4,8
1026,6,4,10
1027,4,1,5
1028,6,1,7
1029,4,5,9
1030,6,5,11
1031,6,3,9
1032,6,5,11
1033,3,1,4
1034,5,4,9
1035,1,6,7
1036,6,1,7
1037,1,4,5
1038,6,3,9
1039,4,5,9
1040,1,3,4
1041,3,5,8
1042,6,1,7
1043,4,5,9
1044,2,4,6
1045,6,6,12
1046,4,3,7
1047,6,3,9
1048,3,2,5
1049,4,4,8
1050,6,6,12
1051,6,2,8
1052,2,2,4
1053,2,1,3
1054,1,6,7
1055,3,5,8
1056,6,6,12
1057,5,5,10
1058,5,5,10
1059,4,2,6
1060,1,4,5
1061,5,4,9
1062,3,3,6
1063,2,1,3
1064,3,1,4
1065,1,3,4
1066,2,3,5
1067,6,5,11
1068,2,4,6
1069,1,5,6
1070,2,4,6
1071,5,5,10
1072,1,2,3
1073,3,2,5
1074,4,4,8
1075,6,1,7
1076,6,5,11
1077,4,6,10
1078,5,6,11
1079,5,4,9
1080,2,2,4
1081,5,3,8
1082,1,3,4
1083,3,2,5
1084,5,6,11
1085,5,4,9
1086,6,2,8
1087,6,1,7
1088,3,6,9
1089,2,6,8
1090,2,1,3
1091,2,5,7
1092,2,2,4
1093,6,2,8
1094,1,6,7
1095,3,3,6
1096,3,1,4
1097,1,3,4
1098,2,2,4
1099,3,6,9
1100,5,4,9
1101,1,4,5
1102,1,6,7
1103,4,2,6
1104,6,3,9
1105,5,1,6
1106,6,2,8
1107,3,2,5
1108,1,1,2
1109,5,2,7
1110,1,6,7
1111,2,2,4
1112,6,1,7
1113,3,3,6
1114,5,2,7
1115,4,1,5
1116,5,3,8
1117,4,4,8
1118,3,2,5
1119,3,4,7
1120,5,2,7
1121,1,5,6
1122,3,6,9
1123,1,2,3
1124,2,1,3
1125,4,3,7
1126,4,1,5
1127,4,5,9
1128,2,1,3
1129,2,5,7
1130,1,4,5
1131,4,4,8
1132,5,4,9
1133,6,1,7
1134,5,3,8
1135,1,5,6
1136,5,5,10
1137,4,3,7
1138,6,3,9
1139,5,3,8
1140,5,5,10
1141,4,5,9
1142,5,6,11
1143,1,5,6
1144,1,2,3
1145,2,2,4
1146,5,4,9
1147,5,1,6
1148,3,3,6
1149,6,5,11
1150,3,3,6
1151,2,5,7
1152,4,2,6
1153,1,4,5
1154,2,2,4
1155,5,6,11
1156,3,3,6
1157,3,1,4
1158,2,1,3
1159,4,3,7
1160,3,2,5
1161,5,4,9
1162,2,5,7
1163,5,1,6
1164,3,2,5
1165,1,1,2
1166,2,5,7
1167,3,1,4
1168,3,3,6
1169,4,5,9
1170,2,6,8
1171,2,1,3
1172,5,2,7
1173,1,2,3
1174,3,4,7
1175,5,1,6
1176,3,3,6
1177,6,5,11
1178,5,1,6
1179,1,3,4
1180,3,6,9
1181,1,5,6
1182,5,1,6
1183,4,4,8
1184,5,3,8
1185,6,5,11
1186,3,3,6
1187,2,2,4
1188,6,5,11
1189,6,4,10
1190,1,5,6
1191,1,3,4
1192,2,6,8
1193,1,1,2
1194,3,4,7
1195,1,2,3
1196,5,4,9
1197,2,2,4
1198,4,5,9
1199,1,5,6
1200,3,5,8
1201,1,4,5
1202,6,6,12
1203,4,4,8
1204,5,4,9
1205,6,4,10
1206,2,6,8
1207,4,2,6
1208,2,4,6
1209,4,1,5
1210,2,5,7
1211,1,6,7
1212,1,4,5
1213,6,5,11
1214,1,3,4
1215,6,2,8
1216,6,4,10
1217,4,1,5
1218,2,3,5
1219,1,5,6
1220,2,6,8
1221,2,1,3
1222,3,5,8
1223,1,3,4
1224,6,2,8
1225,2,4,6
1226,1,5,6
1227,4,1,5
1228,4,5,9
1229,1,2,3
1230,4,3,7
1231,6,6,12
1232,6,3,9
1233,6,2,8
1234,3,4,7
1235,5,6,11
1236,2,3,5
1237,3,6,9
1238,1,2,3
1239,5,6,11
1240,1,1,2
1241,1,2,3
1242,1,4,5
1243,4,2,6
1244,4,5,9
1245,6,4,10
1246,6,3,9
1247,3,3,6
1248,1,3,4
1249,2,6,8
1250,6,2,8
1251,3,5,8
1252,4,3,7
1253,4,2,6
1254,2,6,8
1255,4,3,7
1256,4,3,7
1257,6,1,7
1258,4,4,8
1259,4,1,5
1260,1,2,3
1261,4,4,8
1262,6,5,11
1263,1,2,3
1264,6,4,10
1265,1,4,5
1266,5,2,7
1267,3,3,6
1268,2,3,5
1269,5,3,8
1270,4,1,5
1271,6,4,10
1272,3,3,6
1273,1,2,3
1274,1,5,6
1275,4,2,6
1276,2,3,5
1277,3,2,5
1278,5,1,6
1279,4,2,6
1280,2,3,5
1281,5,4,9
1282,2,4,6
1283,2,1,3
1284,5,2,7
1285,1,1,2
1286,3,4,7
1287,5,6,11
1288,4,6,10
1289,4,2,6
1290,6,6,12
1291,4,2,6
1292,6,1,7
1293,1,6,7
1294,1,1,2
1295,4,2,6
1296,5,6,11
1297,1,1,2
1298,5,2,7
1299,3,6,9
1300,1,3,4
1301,5,1,6
1302,6,6,12
1303,6,2,8
1304,5,2,7
1305,5,5,10
1306,2,1,3
1307,3,3,6
1308,5,3,8
1309,4,5,9
1310,6,6,12
1311,4,3,7
1312,4,3,7
1313,3,1,4
1314,3,2,5
1315,2,2,4
1316,1,6,7
1317,3,3,6
1318,4,1,5
1319,1,2,3
1320,3,3,6
1321,5,2,7
1322,2,6,8
1323,5,5,10
1324,4,3,7
1325,5,2,7
1326,4,3,7
1327,6,4,10
1328,1,6,7
1329,5,2,7
1330,4,6,10
1331,1,2,3
1332,6,3,9
1333,6,5,11
1334,2,6,8
1335,1,3,4
1336,6,3,9
1337,5,3,8
1338,4,5,9
1339,5,2,7
1340,4,1,5
1341,4,2,6
1342,4,6,10
1343,3,6,9
1344,3,5,8
1345,5,1,6
1346,2,2,4
1347,6,6,12
1348,2,5,7
1349,1,3,4
1350,5,4,9
1351,4,3,7
1352,6,2,8
1353,4,1,5
1354,2,3,5
1355,1,1,2
1356,6,6,12
1357,6,3,9
1358,5,6,11
1359,1,1,2
1360,5,3,8
1361,6,3,9
1362,5,3,8
1363,2,5,7
1364,5,3,8
1365,5,1,6
1366,2,5,7
1367,4,4,8
1368,4,2,6
1369,3,5,8
1370,4,2,6
1371,1,4,5
1372,4,1,5
1373,3,6,9
1374,2,5,7
1375,5,5,10
1376,4,2,6
1377,4,2,6
1378,3,1,4
1379,1,1,2
1380,6,2,8
1381,2,3,5
1382,2,3,5
1383,3,5,8
1384,1,1,2
1385,3,4,7
1386,3,2,5
1387,5,3,8
1388,3,1,4
1389,2,4,6
1390,3,6,9
1391,6,3,9
1392,3,2,5
1393,1,3,4
1394,1,1,2
1395,2,4,6
1396,2,5,7
1397,2,1,3
1398,3,4,7
1399,6,4,10
1400,6,5,11
1401,1,2,3
1402,4,6,10
1403,3,6,9
1404,5,6,11
1405,1,6,7
1406,6,2,8
1407,4,5,9
1408,5,6,11
1409,4,6,10
1410,1,5,6
1411,2,6,8
1412,2,3,5
1413,3,4,7
1414,1,6,7
1415,4,3,7
1416,5,1,6
1417,4,5,9
1418,5,2,7
1419,2,6,8
1420,5,1,6
1421,4,5,9
1422,4,1,5
1423,6,4,10
1424,4,4,8
1425,5,1,6
1426,4,5,9
1427,1,1,2
1428,5,4,9
1429,3,2,5
1430,5,2,7
1431,5,1,6
1432,2,3,5
1433,2,3,5
1434,1,6,7
1435,2,4,6
1436,1,2,3
1437,4,1,5
1438,5,3,8
1439,3,1,4
1440,6,3,9
1441,6,2,8
1442,3,2,5
1443,5,5,10
1444,6,4,10
1445,5,6,11
1446,6,3,9
1447,3,5,8
1448,1,6,7
1449,5,6,11
1450,1,2,3
1451,4,2,6
1452,4,3,7
1453,6,5,11
1454,5,6,11
1455,6,6,12
1456,5,2,7
1457,2,6,8
1458,3,5,8
1459,5,4,9
1460,4,3,7
1461,2,2,4
1462,6,4,10
1463,2,4,6
1464,1,2,3
1465,1,5,6
1466,4,3,7
1467,5,6,11
1468,4,6,10
1469,4,3,7
1470,5,3,8
1471,1,1,2
1472,3,5,8
1473,2,2,4
1474,2,4,6
1475,1,1,2
1476,1,6,7
1477,3,4,7
1478,5,5,10
1479,3,2,5
1480,3,1,4
1481,2,2,4
1482,5,4,9
1483,6,1,7
1484,5,2,7
1485,5,6,11
1486,2,1,3
1487,2,1,3
1488,3,1,4
1489,4,3,7
1490,6,2,8
1491,5,5,10
1492,6,6,12
1493,6,5,11
1494,4,2,6
1495,2,5,7
1496,6,4,10
1497,2,5,7
1498,4,3,7
1499,6,1,7
1500,1,5,6
1501,2,3,5
1502,4,4,8
1503,4,4,8
1504,3,3,6
1505,5,6,11
1506,3,5,8
1507,3,4,7
1508,4,1,5
1509,1,3,4
1510,6,6,12
1511,4,2,6
1512,3,1,4
1513,1,5,6
1514,4,4,8
1515,2,5,7
1516,3,3,6
1517,1,3,4
1518,6,1,7
1519,3,2,5
1520,4,1,5
1521,3,2,5
1522,2,5,7
1523,3,2,5
1524,3,2,5
1525,1,1,2
1526,4,4,8
1527,2,1,3
1528,5,4,9
1529,6,1,7
1530,3,3,6
1531,5,1,6
1532,6,1,7
1533,1,3,4
1534,5,4,9
1535,4,4,8
1536,4,2,6
1537,4,6,10
1538,1,1,2
1539,3,5,8
1540,5,4,9
1541,5,6,11
1542,5,3,8
1543,6,1,7
1544,6,1,7
1545,6,5,11
1546,2,6,8
1547,5,5,10
1548,3,2,5
1549,2,2,4
1550,1,5,6
1551,4,3,7
1552,2,2,4
1553,1,5,6
1554,3,2,5
1555,1,1,2
1556,6,6,12
1557,3,5,8
1558,3,4,7
1559,5,3,8
1560,4,1,5
1561,4,3,7
1562,2,4,6
1563,5,6,11
1564,3,4,7
1565,3,5,8
1566,6,1,7
1567,1,4,5
1568,2,5,7
1569,1,3,4
1570,5,6,11
1571,5,2,7
1572,6,1,7
1573,5,3,8
1574,2,3,5
1575,4,5,9
1576,1,4,5
1577,5,6,11
1578,3,5,8
1579,4,2,6
1580,3,3,6
1581,2,6,8
1582,6,6,12
1583,1,6,7
1584,6,3,9
1585,6,6,12
1586,5,4,9
1587,4,6,10
1588,5,5,10
1589,5,6,11
1590,1,4,5
1591,5,2,7
1592,3,2,5
1593,1,6,7
1594,4,4,8
1595,4,1,5
1596,4,5,9
1597,1,3,4
1598,3,2,5
1599,2,5,7
1600,5,5,10
1601,3,2,5
1602,1,1,2
1603,2,2,4
1604,3,1,4
1605,4,6,10
1606,4,1,5
1607,6,4,10
1608,6,4,10
1609,6,5,11
1610,1,1,2
1611,5,5,10
1612,4,2,6
1613,1,2,3
1614,2,4,6
1615,1,4,5
1616,5,4,9
1617,1,6,7
1618,5,6,11
1619,5,5,10
1620,2,5,7
1621,2,2,4
1622,4,6,10
1623,1,4,5
1624,4,6,10
1625,6,1,7
1626,3,5,8
1627,1,2,3
1628,1,4,5
1629,2,3,5
1630,5,6,11
1631,1,1,2
1632,3,1,4
1633,6,6,12
1634,4,3,7
1635,6,2,8
1636,5,2,7
1637,1,4,5
1638,3,6,9
1639,3,3,6
1640,3,2,5
1641,4,4,8
1642,6,5,11
1643,2,4,6
1644,5,2,7
1645,4,5,9
1646,5,6,11
1647,1,1,2
1648,6,1,7
1649,6,1,7
1650,3,4,7
1651,2,4,6
1652,4,5,9
1653,3,4,7
1654,2,1,3
1655,1,2,3
1656,1,2,3
1657,4,2,6
1658,1,3,4
1659,1,6,7
1660,2,3,5
1661,1,3,4
1662,5,5,10
1663,1,3,4
1664,6,2,8
1665,3,4,7
1666,3,1,4
1667,2,3,5
1668,4,6,10
1669,5,1,6
1670,1,3,4
1671,5,6,11
1672,2,4,6
1673,3,1,4
1674,6,1,7
1675,3,6,9
1676,1,1,2
1677,2,5,7
1678,5,3,8
1679,5,2,7
1680,5,3,8
1681,4,5,9
1682,3,4,7
1683,3,4,7
1684,5,4,9
1685,5,1,6
1686,6,5,11
1687,6,1,7
1688,2,6,8
1689,2,4,6
1690,6,2,8
1691,6,3,9
1692,4,1,5
1693,3,2,5
1694,4,1,5
1695,3,6,9
1696,4,1,5
1697,1,2,3
1698,1,6,7
1699,4,1,5
1700,5,1,6
1701,3,5,8
1702,1,4,5
1703,1,1,2
1704,4,4,8
1705,4,6,10
1706,1,5,6
1707,2,6,8
1708,4,4,8
1709,4,4,8
1710,4,2,6
1711,6,2,8
1712,6,4,10
1713,4,5,9
1714,4,3,7
1715,1,5,6
1716,6,4,10
1717,3,3,6
1718,5,3,8
1719,1,1,2
1720,6,5,11
1721,3,5,8
1722,2,4,6
1723,5,3,8
1724,5,6,11
1725,2,5,7
1726,1,1,2
1727,4,4,8
1728,3,2,5
1729,2,2,4
1730,1,5,6
1731,1,2,3
1732,6,4,10
1733,1,5,6
1734,6,3,9
1735,2,4,6
1736,4,1,5
1737,3,1,4
1738,1,3,4
1739,2,6,8
1740,6,3,9
1741,5,1,6
1742,2,5,7
1743,5,1,6
1744,1,2,3
1745,6,5,11
1746,4,5,9
1747,6,4,10
1748,3,6,9
1749,2,5,7
1750,1,2,3
1751,2,6,8
1752,3,4,7
1753,5,3,8
1754,1,5,6
1755,2,1,3
1756,4,5,9
1757,3,2,5
1758,2,4,6
1759,6,1,7
1760,2,4,6
1761,1,5,6
1762,4,3,7
1763,6,1,7
1764,2,4,6
1765,2,4,6
1766,5,5,10
1767,5,1,6
1768,2,5,7
1769,4,4,8
1770,1,2,3
1771,1,5,6
1772,5,1,6
1773,5,1,6
1774,4,5,9
1775,4,6,10
1776,6,6,12
1777,3,1,4
1778,6,5,11
1779,1,6,7
1780,2,5,7
1781,2,5,7
1782,3,3,6
1783,4,1,5
1784,2,6,8
1785,1,5,6
1786,4,4,8
1787,6,6,12
1788,3,5,8
1789,6,4,10
1790,2,3,5
1791,5,2,7
1792,6,3,9
1793,2,6,8
1794,5,6,11
1795,3,1,4
1796,5,3,8
1797,6,1,7
1798,5,4,9
1799,1,6,7
1800,1,2,3
1801,1,4,5
1802,3,4,7
1803,1,5,6
1804,6,5,11
1805,6,3,9
1806,1,4,5
1807,5,4,9
1808,5,6,11
1809,5,1,6
1810,1,4,5
1811,4,2,6
1812,6,2,8
1813,4,5,9
1814,4,6,10
1815,1,3,4
1816,5,4,9
1817,6,5,11
1818,6,4,10
1819,3,3,6
1820,5,4,9
1821,5,4,9
1822,6,4,10
1823,4,2,6
1824,4,2,6
1825,1,5,6
1826,6,4,10
1827,6,4,10
1828,6,3,9
1829,4,5,9
1830,3,3,6
1831,5,6,11
1832,6,5,11
1833,1,6,7
1834,5,3,8
1835,6,5,11
1836,2,4,6
1837,3,4,7
1838,3,5,8
1839,1,4,5
1840,6,6,12
1841,1,6,7
1842,6,1,7
1843,4,3,7
1844,3,4,7
1845,1,3,4
1846,6,6,12
1847,4,5,9
1848,1,5,6
1849,3,4,7
1850,4,1,5
1851,3,4,7
1852,2,2,4
1853,1,3,4
1854,6,1,7
1855,1,3,4
1856,6,4,10
1857,2,2,4
1858,2,6,8
1859,2,5,7
1860,5,2,7
1861,1,3,4
1862,5,1,6
1863,4,5,9
1864,5,1,6
1865,3,3,6
1866,4,5,9
1867,4,1,5
1868,4,2,6
1869,6,2,8
1870,3,5,8
1871,6,3,9
1872,1,3,4
1873,1,3,4
1874,3,3,6
1875,5,4,9
1876,2,1,3
1877,6,4,10
1878,4,3,7
1879,3,1,4
1880,6,2,8
1881,1,1,2
1882,3,1,4
1883,5,6,11
1884,6,3,9
1885,4,3,7
1886,3,4,7
1887,6,2,8
1888,3,4,7
1889,5,2,7
1890,2,6,8
1891,6,4,10
1892,5,6,11
1893,5,3,8
1894,3,6,9
1895,6,3,9
1896,6,1,7
1897,5,2,7
1898,6,2,8
1899,6,3,9
1900,6,4,10
1901,6,5,11
1902,2,4,6
1903,4,2,6
1904,1,6,7
1905,3,4,7
1906,5,3,8
1907,5,1,6
1908,6,3,9
1909,5,4,9
1910,2,6,8
1911,4,3,7
1912,2,4,6
1913,4,4,8
1914,3,5,8
1915,1,4,5
1916,6,4,10
1917,4,6,10
1918,2,3,5
1919,1,5,6
1920,3,1,4
1921,2,3,5
1922,2,2,4
1923,2,5,7
1924,2,6,8
1925,1,4,5
1926,1,4,5
1927,5,6,11
1928,5,2,7
1929,2,5,7
1930,5,4,9
1931,2,6,8
1932,4,5,9
1933,4,4,8
1934,2,5,7
1935,6,3,9
1936,1,3,4
1937,2,1,3
1938,3,6,9
1939,4,5,9
1940,4,5,9
1941,6,2,8
1942,6,4,10
1943,5,2,7
1944,3,6,9
1945,5,5,10
1946,3,1,4
1947,1,4,5
1948,1,5,6
1949,1,3,4
1950,5,2,7
1951,4,6,10
1952,5,1,6
1953,1,4,5
1954,3,3,6
1955,4,5,9
1956,5,5,10
1957,1,6,7
1958,5,1,6
1959,3,3,6
1960,1,6,7
1961,1,1,2
1962,6,2,8
1963,6,3,9
1964,2,6,8
1965,4,5,9
1966,3,1,4
1967,6,5,11
1968,2,4,6
1969,4,4,8
1970,5,1,6
1971,2,2,4
1972,6,4,10
1973,2,5,7
1974,6,2,8
1975,2,2,4
1976,3,2,5
1977,3,4,7
1978,5,5,10
1979,3,4,7
1980,2,1,3
1981,4,3,7
1982,6,2,8
1983,5,4,9
1984,4,3,7
1985,4,1,5
1986,1,1,2
1987,3,4,7
1988,1,4,5
1989,6,3,9
1990,2,3,5
1991,3,4,7
1992,4,5,9
1993,3,4,7
1994,6,4,10
1995,5,2,7
1996,2,1,3
1997,4,6,10
1998,5,2,7
1999,4,3,7
2000,3,1,4
2001,5,6,11
2002,2,1,3
2003,2,5,7
2004,3,6,9
2005,6,6,12
2006,5,6,11
2007,2,2,4
2008,5,6,11
2009,1,2,3
2010,3,5,8
2011,4,5,9
2012,6,2,8
2013,6,5,11
2014,4,5,9
2015,3,6,9
2016,2,1,3
2017,4,4,8
2018,4,2,6
2019,6,2,8
2020,1,3,4
2021,4,4,8
2022,4,4,8
2023,4,1,5
2024,6,1,7
2025,3,3,6
2026,5,4,9
2027,1,5,6
2028,6,4,10
2029,4,1,5
2030,2,2,4
2031,4,6,10
2032,5,6,11
2033,6,5,11
2034,3,2,5
2035,1,5,6
2036,2,5,7
2037,1,5,6
2038,2,1,3
2039,4,6,10
2040,2,6,8
2041,5,2,7
2042,2,3,5
2043,2,2,4
2044,3,4,7
2045,3,2,5
2046,3,3,6
2047,5,2,7
2048,4,3,7
2049,3,5,8
2050,5,3,8
2051,6,3,9
2052,5,4,9
2053,1,4,5
2054,1,3,4
2055,6,1,7
2056,6,2,8
2057,5,6,11
2058,4,1,5
2059,4,4,8
2060,3,1,4
2061,1,3,4
2062,2,6,8
2063,4,5,9
2064,2,5,7
2065,6,1,7
2066,1,3,4
2067,3,4,7
2068,6,3,9
2069,4,1,5
2070,1,5,6
2071,6,5,11
2072,5,4,9
2073,6,6,12
2074,3,5,8
2075,4,5,9
2076,6,6,12
2077,2,6,8
2078,3,3,6
2079,3,1,4
2080,5,4,9
2081,1,2,3
2082,1,2,3
2083,3,6,9
2084,1,3,4
2085,2,5,7
2086,1,6,7
2087,6,2,8
2088,2,4,6
2089,2,5,7
2090,3,1,4
2091,6,6,12
2092,3,4,7
2093,6,6,12
2094,2,1,3
2095,6,5,11
2096,5,4,9
2097,5,3,8
2098,3,2,5
2099,1,4,5
2100,3,6,9
2101,5,3,8
2102,4,1,5
2103,4,4,8
2104,2,4,6
2105,6,3,9
2106,6,4,10
2107,5,2,7
2108,5,6,11
2109,4,2,6
2110,2,6,8
2111,1,2,3
2112,6,2,8
2113,5,1,6
2114,3,4,7
2115,6,2,8
2116,2,2,4
2117,5,4,9
2118,6,6,12
2119,5,3,8
2120,6,2,8
2121,5,4,9
2122,2,4,6
2123,3,4,7
2124,2,1,3
2125,1,5,6
2126,1,1,2
2127,5,4,9
2128,4,1,5
2129,5,5,10
2130,4,4,8
2131,4,1,5
2132,2,2,4
2133,4,4,8
2134,3,3,6
2135,6,6,12
2136,3,5,8
2137,4,4,8
2138,3,3,6
2139,4,4,8
2140,1,4,5
2141,5,4,9
2142,1,1,2
2143,3,3,6
2144,6,4,10
2145,5,1,6
2146,5,5,10
2147,4,2,6
2148,3,5,8
2149,2,3,5
2150,1,6,7
2151,6,4,10
2152,6,6,12
2153,4,6,10
2154,4,5,9
2155,5,4,9
2156,5,5,10
2157,3,5,8
2158,4,4,8
2159,1,1,2
2160,4,4,8
2161,4,3,7
2162,4,6,10
2163,4,4,8
2164,5,5,10
2165,1,5,6
2166,6,4,10
2167,3,5,8
2168,5,1,6
2169,1,5,6
2170,2,1,3
2171,5,3,8
2172,6,1,7
2173,4,6,10
2174,2,1,3
2175,2,2,4
2176,5,5,10
2177,5,4,9
2178,1,1,2
2179,1,6,7
2180,4,4,8
2181,4,3,7
2182,2,2,4
2183,2,6,8
2184,5,3,8
2185,6,1,7
2186,2,5,7
2187,1,6,7
2188,2,1,3
2189,3,5,8
2190,1,5,6
2191,1,3,4
2192,1,2,3
2193,5,5,10
2194,6,2,8
2195,2,5,7
2196,4,2,6
2197,1,4,5
2198,3,4,7
2199,2,2,4
2200,4,1,5
2201,3,6,9
2202,2,2,4
2203,2,4,6
2204,1,2,3
2205,5,6,11
2206,5,3,8
2207,2,1,3
2208,3,5,8
2209,5,2,7
2210,3,1,4
2211,3,2,5
2212,2,4,6
2213,5,4,9
2214,5,5,10
2215,2,5,7
2216,3,5,8
2217,6,6,12
2218,2,3,5
2219,2,5,7
2220,1,1,2
2221,3,4,7
2222,4,5,9
2223,3,6,9
2224,3,1,4
2225,4,3,7
2226,3,5,8
2227,3,2,5
2228,6,5,11
2229,1,1,2
2230,5,2,7
2231,2,2,4
2232,3,3,6
2233,6,6,12
2234,6,5,11
2235,6,2,8
2236,5,6,11
2237,4,4,8
2238,3,5,8
2239,4,2,6
2240,5,5,10
2241,1,5,6
2242,2,4,6
2243,1,2,3
2244,2,4,6
2245,1,3,4
2246,5,6,11
2247,5,1,6
2248,2,5,7
2249,4,4,8
2250,5,5,10
2251,4,4,8
2252,4,4,8
2253,2,3,5
2254,6,2,8
2255,6,1,7
2256,3,3,6
2257,6,2,8
2258,3,4,7
2259,4,6,10
2260,5,3,8
2261,2,3,5
2262,6,1,7
2263,4,4,8
2264,3,6,9
2265,1,5,6
2266,6,2,8
2267,4,6,10
2268,1,2,3
2269,2,6,8
2270,3,1,4
2271,4,1,5
2272,3,3,6
2273,2,5,7
2274,1,3,4
2275,6,2,8
2276,1,1,2
2277,4,6,10
2278,3,1,4
2279,6,1,7
2280,5,6,11
2281,5,1,6
2282,3,6,9
2283,6,3,9
2284,1,4,5
2285,4,3,7
2286,4,4,8
2287,3,2,5
2288,6,3,9
2289,3,5,8
2290,1,2,3
2291,1,2,3
2292,3,5,8
2293,1,2,3
2294,4,6,10
2295,6,4,10
2296,6,5,11
2297,6,5,11
2298,3,3,6
2299,5,6,11
2300,3,1,4
2301,5,6,11
2302,5,5,10
2303,5,5,10
2304,6,5,11
2305,5,5,10
2306,5,6,11
2307,2,1,3
2308,5,4,9
2309,1,2,3
2310,6,2,8
2311,6,3,9
2312,1,3,4
2313,5,4,9
2314,2,5,7
2315,1,5,6
2316,6,6,12
2317,1,5,6
2318,4,4,8
2319,1,5,6
2320,1,2,3
2321,6,3,9
2322,5,4,9
2323,6,6,12
2324,5,3,8
2325,2,6,8
2326,3,2,5
2327,5,5,10
2328,2,6,8
2329,2,1,3
2330,4,1,5
2331,1,2,3
2332,3,3,6
2333,5,5,10
2334,2,1,3
2335,3,5,8
2336,6,5,11
2337,3,3,6
2338,1,3,4
2339,6,6,12
2340,4,1,5
2341,4,5,9
2342,5,2,7
2343,2,4,6
2344,1,3,4
2345,1,6,7
2346,6,4,10
2347,1,2,3
2348,4,5,9
2349,5,1,6
2350,1,1,2
2351,2,6,8
2352,1,3,4
2353,4,5,9
2354,2,6,8
2355,3,5,8
2356,1,5,6
2357,2,2,4
2358,4,2,6
2359,1,2,3
2360,3,2,5
2361,5,2,7
2362,2,3,5
2363,5,3,8
2364,5,6,11
2365,1,1,2
2366,3,2,5
2367,4,2,6
2368,3,2,5
2369,3,5,8
2370,6,3,9
2371,1,3,4
2372,6,4,10
2373,6,6,12
2374,4,2,6
2375,5,5,10
2376,2,3,5
2377,1,3,4
2378,4,1,5
2379,5,1,6
2380,3,1,4
2381,5,6,11
2382,3,5,8
2383,6,3,9
2384,4,1,5
2385,5,2,7
2386,4,4,8
2387,1,3,4
2388,6,4,10
2389,4,2,6
2390,4,6,10
2391,4,3,7
2392,5,6,11
2393,5,3,8
2394,3,1,4
2395,5,6,11
2396,3,4,7
2397,2,1,3
2398,4,6,10
2399,5,1,6
2400,5,2,7
2401,2,5,7
2402,5,5,10
2403,5,3,8
2404,3,3,6
2405,6,1,7
2406,1,1,2
2407,5,5,10
2408,1,4,5
2409,5,4,9
2410,3,1,4
2411,6,5,11
2412,6,4,10
2413,5,6,11
2414,1,4,5
2415,6,1,7
2416,4,5,9
2417,1,5,6
2418,5,4,9
2419,6,4,10
2420,6,6,12
2421,1,5,6
2422,6,2,8
2423,2,4,6
2424,3,3,6
2425,5,6,11
2426,6,5,11
2427,1,1,2
2428,2,6,8
2429,5,1,6
2430,6,6,12
2431,4,4,8
2432,6,6,12
2433,3,5,8
2434,4,2,6
2435,3,2,5
2436,4,6,10
2437,1,3,4
2438,5,2,7
2439,5,4,9
2440,2,5,7
2441,6,5,11
2442,6,2,8
2443,4,3,7
2444,6,3,9
2445,4,2,6
2446,5,3,8
2447,2,5,7
2448,6,5,11
2449,6,1,7
2450,6,1,7
2451,2,3,5
2452,5,2,7
2453,2,1,3
2454,5,1,6
2455,6,6,12
2456,3,4,7
2457,1,1,2
2458,2,2,4
2459,4,5,9
2460,2,5,7
2461,3,4,7
2462,2,5,7
2463,2,4,6
2464,4,4,8
2465,5,2,7
2466,2,3,5
2467,2,6,8
2468,6,5,11
2469,1,3,4
2470,2,3,5
2471,6,3,9
2472,4,5,9
2473,3,4,7
2474,1,3,4
2475,6,3,9
2476,1,4,5
2477,6,2,8
2478,3,6,9
2479,5,2,7
2480,6,2,8
2481,4,2,6
2482,1,4,5
2483,4,1,5
2484,4,5,9
2485,6,6,12
2486,2,3,5
2487,1,4,5
2488,1,6,7
2489,4,2,6
2490,2,2,4
2491,6,2,8
2492,5,1,6
2493,5,4,9
2494,3,2,5
2495,4,3,7
2496,2,4,6
2497,4,5,9
2498,6,6,12
2499,4,5,9
2500,5,4,9
2501,4,2,6
2502,6,2,8
2503,5,6,11
2504,6,6,12
2505,6,2,8
2506,1,2,3
2507,5,5,10
2508,1,6,7
2509,1,4,5
2510,2,2,4
2511,2,2,4
2512,3,1,4
2513,5,1,6
2514,6,6,12
2515,6,2,8
2516,5,4,9
2517,5,5,10
2518,1,3,4
2519,6,3,9
2520,3,2,5
2521,2,3,5
2522,1,1,2
2523,2,6,8
2524,2,1,3
2525,5,1,6
2526,4,1,5
2527,1,3,4
2528,6,1,7
2529,6,4,10
2530,5,1,6
2531,2,1,3
2532,2,1,3
2533,3,4,7
2534,1,1,2
2535,2,4,6
2536,6,1,7
2537,4,3,7
2538,4,5,9
2539,6,5,11
2540,5,1,6
2541,1,6,7
2542,1,4,5
2543,1,6,7
2544,4,4,8
2545,6,3,9
2546,5,5,10
2547,3,6,9
2548,5,5,10
2549,1,6,7
2550,1,3,4
2551,5,1,6
2552,1,6,7
2553,1,2,3
2554,2,1,3
2555,1,3,4
2556,1,5,6
2557,1,5,6
2558,5,5,10
2559,5,1,6
2560,6,1,7
2561,6,2,8
2562,5,3,8
2563,5,2,7
2564,6,5,11
2565,2,2,4
2566,5,1,6
2567,4,3,7
2568,1,2,3
2569,5,4,9
2570,6,3,9
2571,3,2,5
2572,1,1,2
2573,4,6,10
2574,6,1,7
2575,4,4,8
2576,3,6,9
2577,1,5,6
2578,4,5,9
2579,2,1,3
2580,1,6,7
2581,6,3,9
2582,2,6,8
2583,3,5,8
2584,2,3,5
2585,1,6,7
2586,5,4,9
2587,3,1,4
2588,6,6,12
2589,1,4,5
2590,4,4,8
2591,1,2,3
2592,5,3,8
2593,5,2,7
2594,4,6,10
2595,3,4,7
2596,5,5,10
2597,3,5,8
2598,2,6,8
2599,5,3,8
2600,6,2,8
2601,3,2,5
2602,5,2,7
2603,1,3,4
2604,4,4,8
2605,1,6,7
2606,6,5,11
2607,6,2,8
2608,3,3,6
2609,2,3,5
2610,3,4,7
2611,4,2,6
2612,2,2,4
2613,2,6,8
2614,1,5,6
2615,1,6,7
2616,4,1,5
2617,6,2,8
2618,4,2,6
2619,5,6,11
2620,3,1,4
2621,1,5,6
2622,5,2,7
2623,2,4,6
2624,1,5,6
2625,6,1,7
2626,6,5,11
2627,6,6,12
2628,6,5,11
2629,3,1,4
2630,1,6,7
2631,3,2,5
2632,6,3,9
2633,1,3,4
2634,5,2,7
2635,2,4,6
2636,5,2,7
2637,1,2,3
2638,2,4,6
2639,4,4,8
2640,1,2,3
2641,6,5,11
2642,4,6,10
2643,2,1,3
2644,3,3,6
2645,1,3,4
2646,5,3,8
2647,1,5,6
2648,1,1,2
2649,2,4,6
2650,2,1,3
2651,6,2,8
2652,1,4,5
2653,5,1,6
2654,6,5,11
2655,6,2,8
2656,5,6,11
2657,2,5,7
2658,3,4,7
2659,2,1,3
2660,6,5,11
2661,4,5,9
2662,1,3,4
2663,5,6,11
2664,4,3,7
2665,2,4,6
2666,1,1,2
2667,6,5,11
2668,1,4,5
2669,5,1,6
2670,1,5,6
2671,4,5,9
2672,1,4,5
2673,4,2,6
2674,1,4,5
2675,1,4,5
2676,4,2,6
2677,4,4,8
2678,5,1,6
2679,1,2,3
2680,5,3,8
2681,3,5,8
2682,6,6,12
2683,3,3,6
2684,2,3,5
2685,6,3,9
2686,5,4,9
2687,4,4,8
2688,4,3,7
2689,6,2,8
2690,3,4,7
2691,3,4,7
2692,5,4,9
2693,1,1,2
2694,4,2,6
2695,2,3,5
2696,6,1,7
2697,6,5,11
2698,6,4,10
2699,2,1,3
2700,2,5,7
2701,4,5,9
2702,5,2,7
2703,1,6,7
2704,5,6,11
2705,2,5,7
2706,2,3,5
2707,2,5,7
2708,6,2,8
2709,4,6,10
2710,6,6,12
2711,3,2,5
2712,3,6,9
2713,6,3,9
2714,3,2,5
2715,2,2,4
2716,4,6,10
2717,1,3,4
2718,6,6,12
2719,4,1,5
2720,6,3,9
2721,5,2,7
2722,5,6,11
2723,3,2,5
2724,3,1,4
2725,2,5,7
2726,5,2,7
2727,3,2,5
2728,1,4,5
2729,1,1,2
2730,4,6,10
2731,4,2,6
2732,6,2,8
2733,6,1,7
2734,6,1,7
2735,1,3,4
2736,5,2,7
2737,3,4,7
2738,2,5,7
2739,6,2,8
2740,4,3,7
2741,4,1,5
2742,2,3,5
2743,3,1,4
2744,6,6,12
2745,6,3,9
2746,2,3,5
2747,2,4,6
2748,5,4,9
2749,6,5,11
2750,3,2,5
2751,6,1,7
2752,4,1,5
2753,5,3,8
2754,3,2,5
2755,1,5,6
2756,6,2,8
2757,3,2,5
2758,1,4,5
2759,1,4,5
2760,4,4,8
2761,2,6,8
2762,2,6,8
2763,4,2,6
2764,4,4,8
2765,2,6,8
2766,1,5,6
2767,3,3,6
2768,6,2,8
2769,6,3,9
2770,6,3,9
2771,3,3,6
2772,4,4,8
2773,5,1,6
2774,3,4,7
2775,5,6,11
2776,3,4,7
2777,6,6,12
2778,2,6,8
2779,1,3,4
2780,6,5,11
2781,3,1,4
2782,4,5,9
2783,3,6,9
2784,1,1,2
2785,4,1,5
2786,2,3,5
2787,6,6,12
2788,2,4,6
2789,1,5,6
2790,1,4,5
2791,2,6,8
2792,5,6,11
2793,2,5,7
2794,1,1,2
2795,3,6,9
2796,3,4,7
2797,6,2,8
2798,5,5,10
2799,6,4,10
2800,5,3,8
2801,5,2,7
2802,6,4,10
2803,1,1,2
2804,1,2,3
2805,3,2,5
2806,4,6,10
2807,6,5,11
2808,6,4,10
2809,3,6,9
2810,5,4,9
2811,3,4,7
2812,2,2,4
2813,3,5,8
2814,6,2,8
2815,2,6,8
2816,4,1,5
2817,1,6,7
2818,3,3,6
2819,2,5,7
2820,6,2,8
2821,3,3,6
2822,1,1,2
2823,6,1,7
2824,2,2,4
2825,1,3,4
2826,5,2,7
2827,2,3,5
2828,4,3,7
2829,3,4,7
2830,2,1,3
2831,1,1,2
2832,6,5,11
2833,1,3,4
2834,6,6,12
2835,3,3,6
2836,1,2,3
2837,3,3,6
2838,2,5,7
2839,4,1,5
2840,6,2,8
2841,4,1,5
2842,6,6,12
2843,2,5,7
2844,4,4,8
2845,2,4,6
2846,4,4,8
2847,3,5,8
2848,3,5,8
2849,2,4,6
2850,3,4,7
2851,4,4,8
2852,4,6,10
2853,2,4,6
2854,1,4,5
2855,2,6,8
2856,4,3,7
2857,6,2,8
2858,3,3,6
2859,4,3,7
2860,4,3,7
2861,5,5,10
2862,6,4,10
2863,1,2,3
2864,2,3,5
2865,2,1,3
2866,6,1,7
2867,1,6,7
2868,6,3,9
2869,5,4,9
2870,4,4,8
2871,5,3,8
2872,4,3,7
2873,4,3,7
2874,2,2,4
2875,4,6,10
2876,1,6,7
2877,3,6,9
2878,4,2,6
2879,3,6,9
2880,2,1,3
2881,5,1,6
2882,4,1,5
2883,2,3,5
2884,3,5,8
2885,5,2,7
2886,6,5,11
2887,4,2,6
2888,5,2,7
2889,2,4,6
2890,5,5,10
2891,5,2,7
2892,4,2,6
2893,3,6,9
2894,2,2,4
2895,3,5,8
2896,2,1,3
2897,3,2,5
2898,4,3,7
2899,1,3,4
2900,1,1,2
2901,5,4,9
2902,5,4,9
2903,5,6,11
2904,3,5,8
2905,6,2,8
2906,4,3,7
2907,5,6,11
2908,1,3,4
2909,1,5,6
2910,6,5,11
2911,3,5,8
2912,3,2,5
2913,6,3,9
2914,1,3,4
2915,5,5,10
2916,1,1,2
2917,6,3,9
2918,4,6,10
2919,1,6,7
2920,3,4,7
2921,3,3,6
2922,4,5,9
2923,2,1,3
2924,4,5,9
2925,1,5,6
2926,6,4,10
2927,4,1,5
2928,3,4,7
2929,3,4,7
2930,3,2,5
2931,1,3,4
2932,4,1,5
2933,6,6,12
2934,2,1,3
2935,6,3,9
2936,2,1,3
2937,3,6,9
2938,4,5,9
2939,6,3,9
2940,1,3,4
2941,3,5,8
2942,5,3,8
2943,5,4,9
2944,4,6,10
2945,6,2,8
2946,5,4,9
2947,1,6,7
2948,4,3,7
2949,2,1,3
2950,3,6,9
2951,6,2,8
2952,6,3,9
2953,2,2,4
2954,2,1,3
2955,2,4,6
2956,5,6,11
2957,2,2,4
2958,4,1,5
2959,6,3,9
2960,4,4,8
2961,4,5,9
2962,5,3,8
2963,5,2,7
2964,1,5,6
2965,2,2,4
2966,5,1,6
2967,4,3,7
2968,1,5,6
2969,2,3,5
2970,5,3,8
2971,4,4,8
2972,3,2,5
2973,2,1,3
2974,1,1,2
2975,2,5,7
2976,6,3,9
2977,6,4,10
2978,6,5,11
2979,5,4,9
2980,1,1,2
2981,6,5,11
2982,5,5,10
2983,3,2,5
2984,2,5,7
2985,1,3,4
2986,4,4,8
2987,1,4,5
2988,2,4,6
2989,4,3,7
2990,5,1,6
2991,1,4,5
2992,1,4,5
2993,1,1,2
2994,5,5,10
2995,4,3,7
2996,6,2,8
2997,2,5,7
2998,1,3,4
2999,6,2,8
3000,5,6,11
3001,4,2,6
3002,2,1,3
3003,5,4,9
3004,5,6,11
3005,4,3,7
3006,5,5,10
3007,4,5,9
3008,4,6,10
3009,1,4,5
3010,1,5,6
3011,3,5,8
3012,6,4,10
3013,6,4,10
3014,5,4,9
3015,3,3,6
3016,2,4,6
3017,2,3,5
3018,4,1,5
3019,4,6,10
3020,4,3,7
3021,5,1,6
3022,5,5,10
3023,3,6,9
3024,5,1,6
3025,2,6,8
3026,6,1,7
3027,2,6,8
3028,2,6,8
3029,2,1,3
3030,3,5,8
3031,5,1,6
3032,3,6,9
3033,3,2,5
3034,1,5,6
3035,3,3,6
3036,5,2,7
3037,6,4,10
3038,2,4,6
3039,1,6,7
3040,5,4,9
3041,1,6,7
3042,5,6,11
3043,1,4,5
3044,5,5,10
3045,3,1,4
3046,5,4,9
3047,6,5,11
3048,1,2,3
3049,4,4,8
3050,2,1,3
3051,1,5,6
3052,1,4,5
3053,2,4,6
3054,5,1,6
3055,1,6,7
3056,4,5,9
3057,1,6,7
3058,5,1,6
3059,2,2,4
3060,2,6,8
3061,6,1,7
3062,1,4,5
3063,4,2,6
3064,6,2,8
3065,3,1,4
3066,3,1,4
3067,2,6,8
3068,6,1,7
3069,2,4,6
3070,6,1,7
3071,2,3,5
3072,1,3,4
3073,4,4,8
3074,5,6,11
3075,5,4,9
3076,5,2,7
3077,1,3,4
3078,1,1,2
3079,6,2,8
3080,6,3,9
3081,1,6,7
3082,3,3,6
3083,2,5,7
3084,1,1,2
3085,4,3,7
3086,4,4,8
3087,5,5,10
3088,4,6,10
3089,6,3,9
3090,5,5,10
3091,5,5,10
3092,3,6,9
3093,1,4,5
3094,2,1,3
3095,4,3,7
3096,1,5,6
3097,5,2,7
3098,6,4,10
3099,4,1,5
3100,6,4,10
3101,2,2,4
3102,4,5,9
3103,1,5,6
3104,2,3,5
3105,2,3,5
3106,4,1,5
3107,3,1,4
3108,2,1,3
3109,6,2,8
3110,2,4,6
3111,5,3,8
3112,1,6,7
3113,3,1,4
3114,6,5,11
3115,5,6,11
3116,2,1,3
3117,4,4,8
3118,4,5,9
3119,2,6,8
3120,2,2,4
3121,2,4,6
3122,4,2,6
3123,2,4,6
3124,6,5,11
3125,1,3,4
3126,3,4,7
3127,2,2,4
3128,4,4,8
3129,2,2,4
3130,3,1,4
3131,2,3,5
3132,2,1,3
3133,3,1,4
3134,4,6,10
3135,3,3,6
3136,3,2,5
3137,6,1,7
3138,6,3,9
3139,4,1,5
3140,4,3,7
3141,1,1,2
3142,3,2,5
3143,1,1,2
3144,3,5,8
3145,1,1,2
3146,5,5,10
3147,6,1,7
3148,5,6,11
3149,6,3,9
3150,5,2,7
3151,5,5,10
3152,5,5,10
3153,1,5,6
3154,1,5,6
3155,4,5,9
3156,5,4,9
3157,4,3,7
3158,4,5,9
3159,5,5,10
3160,1,1,2
3161,1,2,3
3162,6,6,12
3163,3,6,9
3164,4,1,5
3165,4,2,6
3166,3,5,8
3167,3,5,8
3168,1,1,2
3169,4,2,6
3170,2,3,5
3171,4,1,5
3172,2,1,3
3173,2,4,6
3174,6,2,8
3175,2,5,7
3176,2,4,6
3177,1,6,7
3178,3,2,5
3179,5,4,9
3180,3,6,9
3181,3,5,8
3182,3,1,4
3183,5,2,7
3184,1,5,6
3185,6,5,11
3186,3,4,7
3187,3,4,7
3188,3,4,7
3189,6,1,7
3190,5,1,6
3191,5,5,10
3192,4,1,5
3193,6,6,12
3194,4,5,9
3195,5,5,10
3196,6,1,7
3197,2,3,5
3198,4,2,6
3199,4,6,10
3200,1,6,7
3201,5,6,11
3202,6,3,9
3203,6,6,12
3204,2,4,6
3205,4,5,9
3206,3,1,4
3207,3,1,4
3208,4,2,6
3209,1,1,2
3210,5,4,9
3211,3,1,4
3212,4,4,8
3213,6,5,11
3214,6,1,7
3215,1,2,3
3216,5,5,10
3217,4,2,6
3218,4,1,5
3219,4,4,8
3220,5,5,10
3221,4,4,8
3222,5,6,11
3223,3,6,9
3224,3,4,7
3225,2,5,7
3226,3,1,4
3227,5,4,9
3228,4,4,8
3229,3,2,5
3230,6,2,8
3231,5,6,11
3232,2,4,6
3233,2,3,5
3234,5,6,11
3235,6,1,7
3236,1,3,4
3237,1,2,3
3238,4,5,9
3239,6,2,8
3240,2,3,5
3241,2,6,8
3242,1,6,7
3243,4,1,5
3244,3,3,6
3245,4,6,10
3246,2,3,5
3247,2,5,7
3248,4,4,8
3249,2,5,7
3250,5,6,11
3251,5,3,8
3252,2,4,6
3253,1,3,4
3254,1,1,2
3255,4,1,5
3256,6,2,8
3257,5,6,11
3258,6,2,8
3259,5,5,10
3260,4,5,9
3261,6,1,7
3262,2,5,7
3263,2,1,3
3264,4,5,9
3265,1,6,7
3266,1,2,3
3267,3,1,4
3268,5,2,7
3269,3,2,5
3270,1,3,4
3271,5,5,10
3272,6,1,7
3273,1,5,6
3274,4,6,10
3275,3,4,7
3276,3,2,5
3277,4,3,7
3278,1,2,3
3279,3,1,4
3280,6,1,7
3281,3,5,8
3282,4,5,9
3283,1,3,4
3284,4,4,8
3285,3,6,9
3286,3,1,4
3287,3,1,4
3288,6,6,12
3289,5,2,7
3290,3,4,7
3291,2,5,7
3292,2,1,3
3293,6,2,8
3294,3,6,9
3295,3,2,5
3296,6,2,8
3297,3,2,5
3298,4,1,5
3299,5,4,9
3300,6,1,7
3301,5,1,6
3302,3,1,4
3303,6,1,7
3304,3,6,9
3305,2,1,3
3306,3,5,8
3307,3,3,6
3308,3,6,9
3309,5,5,10
3310,1,3,4
3311,2,5,7
3312,2,4,6
3313,1,1,2
3314,3,5,8
3315,5,2,7
3316,6,2,8
3317,1,2,3
3318,2,3,5
3319,5,4,9
3320,4,6,10
3321,3,6,9
3322,6,4,10
3323,1,3,4
3324,5,3,8
3325,3,4,7
3326,5,3,8
3327,6,1,7
3328,6,4,10
3329,4,3,7
3330,1,6,7
3331,2,6,8
3332,6,4,10
3333,5,5,10
3334,6,6,12
3335,1,3,4
3336,3,3,6
3337,3,2,5
3338,2,6,8
3339,6,4,10
3340,6,2,8
3341,4,3,7
3342,6,6,12
3343,2,5,7
3344,2,5,7
3345,5,5,10
3346,2,1,3
3347,6,6,12
3348,6,6,12
3349,4,5,9
3350,5,4,9
3351,4,2,6
3352,6,4,10
3353,5,3,8
3354,3,2,5
3355,5,2,7
3356,5,1,6
3357,1,1,2
3358,2,4,6
3359,3,2,5
3360,3,1,4
3361,4,2,6
3362,5,3,8
3363,1,1,2
3364,3,6,9
3365,6,6,12
3366,1,4,5
3367,6,2,8
3368,1,5,6
3369,3,4,7
3370,2,5,7
3371,1,5,6
3372,4,5,9
3373,4,3,7
3374,4,3,7
3375,6,3,9
3376,1,5,6
3377,3,5,8
3378,6,3,9
3379,6,5,11
3380,3,2,5
3381,4,2,6
3382,6,3,9
3383,1,2,3
3384,4,1,5
3385,3,4,7
3386,4,4,8
3387,3,2,5
3388,1,5,6
3389,1,3,4
3390,4,5,9
3391,3,2,5
3392,5,2,7
3393,3,6,9
3394,4,2,6
3395,3,6,9
3396,6,5,11
3397,4,4,8
3398,4,3,7
3399,4,4,8
3400,2,6,8
3401,4,1,5
3402,1,3,4
3403,3,3,6
3404,4,3,7
3405,2,5,7
3406,6,3,9
3407,1,4,5
3408,3,2,5
3409,2,4,6
3410,5,3,8
3411,3,3,6
3412,1,4,5
3413,1,4,5
3414,6,3,9
3415,4,4,8
3416,4,2,6
3417,2,3,5
3418,4,1,5
3419,3,5,8
3420,1,6,7
3421,5,3,8
3422,1,2,3
3423,2,1,3
3424,1,3,4
3425,5,1,6
3426,5,5,10
3427,4,2,6
3428,5,4,9
3429,6,4,10
3430,2,2,4
3431,3,1,4
3432,2,4,6
3433,5,2,7
3434,2,3,5
3435,6,4,10
3436,3,3,6
3437,1,6,7
3438,4,2,6
3439,5,1,6
3440,6,1,7
3441,4,3,7
3442,4,3,7
3443,6,1,7
3444,2,1,3
3445,1,5,6
3446,3,3,6
3447,4,4,8
3448,5,6,11
3449,5,1,6
3450,2,3,5
3451,6,6,12
3452,3,5,8
3453,6,1,7
3454,1,2,3
3455,1,5,6
3456,6,5,11
3457,4,2,6
3458,4,6,10
3459,5,5,10
3460,1,1,2
3461,1,2,3
3462,2,6,8
3463,1,4,5
3464,3,4,7
3465,4,1,5
3466,4,4,8
3467,3,6,9
3468,5,6,11
3469,1,6,7
3470,4,6,10
3471,4,2,6
3472,5,6,11
3473,6,2,8
3474,2,2,4
3475,5,1,6
3476,5,5,10
3477,5,4,9
3478,1,4,5
3479,3,6,9
3480,1,2,3
3481,2,3,5
3482,6,6,12
3483,5,6,11
3484,5,5,10
3485,4,2,6
3486,1,1,2
3487,1,2,3
3488,5,2,7
3489,6,6,12
3490,3,3,6
3491,6,6,12
3492,6,4,10
3493,5,5,10
3494,1,3,4
3495,5,5,10
3496,2,6,8
3497,2,1,3
3498,1,4,5
3499,6,1,7
3500,5,6,11
3501,2,3,5
3502,4,6,10
3503,1,1,2
3504,2,6,8
3505,2,5,7
3506,3,4,7
3507,4,3,7
3508,1,6,7
3509,3,2,5
3510,1,3,4
3511,2,2,4
3512,5,6,11
3513,5,1,6
3514,5,3,8
3515,4,6,10
3516,6,6,12
3517,5,4,9
3518,5,1,6
3519,2,6,8
3520,5,4,9
3521,3,1,4
3522,5,6,11
3523,2,2,4
3524,4,2,6
3525,2,1,3
3526,2,4,6
3527,3,3,6
3528,2,2,4
3529,6,6,12
3530,2,3,5
3531,3,2,5
3532,4,3,7
3533,5,5,10
3534,6,1,7
3535,3,4,7
3536,2,1,3
3537,5,5,10
3538,6,4,10
3539,3,1,4
3540,1,3,4
3541,2,6,8
3542,5,2,7
3543,1,5,6
3544,5,1,6
3545,4,3,7
3546,2,4,6
3547,4,3,7
3548,4,6,10
3549,1,3,4
3550,4,3,7
3551,5,2,7
3552,2,3,5
3553,2,2,4
3554,2,2,4
3555,4,6,10
3556,6,6,12
3557,3,5,8
3558,4,6,10
3559,1,3,4
3560,6,4,10
3561,4,6,10
3562,3,1,4
3563,2,2,4
3564,1,6,7
3565,6,4,10
3566,3,2,5
3567,6,5,11
3568,3,3,6
3569,6,1,7
3570,6,2,8
3571,1,5,6
3572,2,4,6
3573,6,2,8
3574,3,4,7
3575,4,5,9
3576,5,5,10
3577,1,5,6
3578,5,2,7
3579,5,2,7
3580,4,3,7
3581,1,6,7
3582,6,5,11
3583,1,3,4
3584,5,1,6
3585,3,6,9
3586,1,3,4
3587,6,4,10
3588,2,5,7
3589,1,2,3
3590,1,6,7
3591,6,5,11
3592,5,6,11
3593,2,6,8
3594,5,6,11
3595,6,4,10
3596,4,5,9
3597,1,5,6
3598,2,2,4
3599,1,6,7
3600,3,6,9
3601,5,1,6
3602,1,1,2
3603,2,3,5
3604,3,2,5
3605,6,3,9
3606,3,3,6
3607,2,5,7
3608,4,5,9
3609,3,1,4
3610,5,4,9
3611,6,6,12
3612,2,4,6
3613,4,5,9
3614,5,5,10
3615,5,4,9
3616,2,5,7
3617,1,5,6
3618,3,6,9
3619,5,2,7
3620,3,4,7
3621,5,2,7
3622,6,2,8
3623,3,2,5
3624,2,2,4
3625,2,5,7
3626,2,1,3
3627,4,6,10
3628,4,1,5
3629,2,3,5
3630,6,4,10
3631,3,3,6
3632,6,3,9
3633,1,5,6
3634,1,5,6
3635,1,2,3
3636,6,4,10
3637,5,4,9
3638,1,6,7
3639,5,6,11
3640,3,1,4
3641,3,6,9
3642,6,5,11
3643,3,3,6
3644,2,3,5
3645,6,5,11
3646,6,4,10
3647,5,2,7
3648,6,4,10
3649,3,5,8
3650,4,6,10
3651,3,3,6
3652,3,2,5
3653,6,4,10
3654,2,5,7
3655,3,2,5
3656,6,6,12
3657,5,5,10
3658,6,2,8
3659,5,5,10
3660,1,2,3
3661,3,1,4
3662,1,1,2
3663,5,3,8
3664,3,1,4
3665,6,5,11
3666,2,3,5
3667,2,5,7
3668,2,5,7
3669,2,1,3
3670,6,6,12
3671,5,2,7
3672,1,5,6
3673,2,1,3
3674,2,4,6
3675,1,5,6
3676,4,4,8
3677,4,6,10
3678,5,5,10
3679,6,6,12
3680,3,5,8
3681,1,5,6
3682,3,3,6
3683,1,2,3
3684,2,1,3
3685,2,5,7
3686,5,3,8
3687,1,6,7
3688,1,5,6
3689,1,6,7
3690,4,6,10
3691,3,3,6
3692,2,6,8
3693,2,3,5
3694,6,2,8
3695,2,6,8
3696,5,6,11
3697,5,6,11
3698,6,3,9
3699,3,2,5
3700,3,6,9
3701,2,1,3
3702,2,1,3
3703,3,5,8
3704,4,2,6
3705,1,5,6
3706,5,1,6
3707,5,5,10
3708,6,1,7
3709,3,3,6
3710,6,5,11
3711,6,3,9
3712,5,2,7
3713,6,1,7
3714,3,2,5
3715,5,1,6
3716,1,5,6
3717,3,2,5
3718,5,1,6
3719,1,2,3
3720,2,1,3
3721,6,1,7
3722,3,5,8
3723,3,2,5
3724,2,2,4
3725,2,3,5
3726,3,3,6
3727,5,2,7
3728,1,6,7
3729,6,3,9
3730,2,2,4
3731,5,1,6
3732,5,6,11
3733,6,4,10
3734,2,3,5
3735,6,2,8
3736,2,1,3
3737,1,1,2
3738,1,6,7
3739,2,2,4
3740,2,6,8
3741,3,6,9
3742,1,3,4
3743,5,3,8
3744,2,1,3
3745,1,1,2
3746,1,1,2
3747,4,5,9
3748,2,6,8
3749,6,6,12
3750,2,4,6
3751,3,4,7
3752,5,6,11
3753,5,5,10
3754,3,2,5
3755,4,5,9
3756,4,6,10
3757,4,4,8
3758,1,2,3
3759,4,4,8
3760,4,5,9
3761,2,2,4
3762,3,3,6
3763,3,3,6
3764,2,4,6
3765,3,6,9
3766,6,6,12
3767,1,4,5
3768,2,4,6
3769,6,6,12
3770,5,6,11
3771,4,5,9
3772,5,2,7
3773,4,2,6
3774,3,3,6
3775,4,5,9
3776,6,2,8
3777,6,1,7
3778,2,1,3
3779,3,2,5
3780,4,3,7
3781,1,5,6
3782,2,5,7
3783,1,4,5
3784,6,5,11
3785,1,6,7
3786,4,2,6
3787,2,2,4
3788,1,2,3
3789,6,6,12
3790,4,6,10
3791,3,4,7
3792,3,1,4
3793,1,2,3
3794,2,2,4
3795,6,4,10
3796,5,3,8
3797,4,1,5
3798,2,1,3
3799,3,6,9
3800,5,4,9
3801,4,6,10
3802,5,2,7
3803,6,5,11
3804,4,5,9
3805,3,6,9
3806,5,3,8
3807,5,1,6
3808,3,4,7
3809,1,4,5
3810,3,4,7
3811,1,2,3
3812,2,4,6
3813,6,1,7
3814,6,4,10
3815,3,6,9
3816,6,6,12
3817,6,6,12
3818,1,2,3
3819,4,1,5
3820,5,6,11
3821,3,2,5
3822,5,5,10
3823,4,6,10
3824,5,1,6
3825,1,4,5
3826,2,5,7
3827,1,2,3
3828,4,3,7
3829,4,1,5
3830,6,5,11
3831,3,4,7
3832,2,4,6
3833,1,1,2
3834,5,2,7
3835,3,3,6
3836,6,2,8
3837,3,1,4
3838,1,2,3
3839,4,6,10
3840,2,4,6
3841,6,1,7
3842,3,5,8
3843,4,1,5
3844,6,6,12
3845,2,4,6
3846,3,5,8
3847,4,6,10
3848,1,3,4
3849,2,6,8
3850,6,5,11
3851,6,5,11
3852,3,2,5
3853,1,6,7
3854,4,2,6
3855,2,1,3
3856,3,6,9
3857,2,1,3
3858,1,6,7
3859,3,5,8
3860,2,3,5
3861,3,3,6
3862,3,6,9
3863,6,5,11
3864,3,4,7
3865,1,3,4
3866,6,2,8
3867,6,3,9
3868,5,2,7
3869,5,2,7
3870,4,4,8
3871,3,6,9
3872,2,2,4
3873,6,1,7
3874,4,6,10
3875,4,5,9
3876,3,1,4
3877,1,1,2
3878,1,3,4
3879,4,1,5
3880,2,3,5
3881,5,3,8
3882,5,3,8
3883,3,3,6
3884,1,2,3
3885,2,1,3
3886,6,5,11
3887,2,6,8
3888,3,5,8
3889,4,6,10
3890,4,4,8
3891,6,6,12
3892,4,2,6
3893,5,1,6
3894,1,1,2
3895,3,2,5
3896,6,3,9
3897,1,4,5
3898,5,5,10
3899,6,1,7
3900,5,4,9
3901,2,2,4
3902,3,2,5
3903,6,3,9
3904,5,3,8
3905,3,6,9
3906,5,6,11
3907,2,4,6
3908,4,2,6
3909,2,1,3
3910,3,2,5
3911,3,3,6
3912,5,6,11
3913,6,4,10
3914,6,5,11
3915,6,3,9
3916,1,4,5
3917,6,2,8
3918,1,4,5
3919,1,2,3
3920,1,4,5
3921,2,2,4
3922,3,4,7
3923,3,4,7
3924,4,4,8
3925,6,6,12
3926,6,1,7
3927,6,1,7
3928,2,2,4
3929,1,2,3
3930,5,1,6
3931,5,2,7
3932,2,4,6
3933,5,5,10
3934,2,5,7
3935,2,5,7
3936,1,2,3
3937,3,2,5
3938,2,4,6
3939,6,3,9
3940,3,3,6
3941,5,2,7
3942,1,6,7
3943,1,4,5
3944,5,4,9
3945,5,5,10
3946,4,3,7
3947,5,2,7
3948,5,6,11
3949,4,6,10
3950,4,3,7
3951,4,1,5
3952,6,2,8
3953,5,6,11
3954,6,3,9
3955,4,3,7
3956,2,5,7
3957,1,1,2
3958,1,4,5
3959,3,2,5
3960,5,2,7
3961,4,6,10
3962,3,6,9
3963,2,6,8
3964,2,6,8
3965,3,4,7
3966,5,5,10
3967,3,3,6
3968,6,2,8
3969,3,6,9
3970,4,1,5
3971,2,1,3
3972,4,6,10
3973,6,5,11
3974,5,6,11
3975,1,4,5
3976,6,6,12
3977,4,5,9
3978,4,6,10
3979,2,4,6
3980,5,2,7
3981,4,5,9
3982,4,1,5
3983,1,4,5
3984,1,6,7
3985,5,1,6
3986,1,3,4
3987,6,2,8
3988,1,5,6
3989,3,2,5
3990,2,3,5
3991,6,5,11
3992,1,5,6
3993,2,4,6
3994,1,5,6
3995,5,6,11
3996,1,6,7
3997,4,4,8
3998,6,6,12
3999,4,3,7
4000,3,2,5
