day,TechA,FinB,SmallC,MidD,LargeE
1,50000,120000,8000,35000,200000
2,50877,116303,8030,35161,192666
3,50735,111645,8200,36174,191282
4,50398,110372,7729,35040,195102
5,50450,109983,7793,34922,193879
6,50624,105212,7834,34515,192880
7,50876,101655,7980,34722,198125
8,50998,101873,7856,34298,197704
9,52236,102769,7606,34539,194936
10,53491,101454,7443,34179,194309
11,54130,105642,7562,34974,190139
12,52905,105164,7566,34926,191777
13,52536,103593,7622,35100,191338
14,53711,103463,7517,34485,188654
15,54577,106660,7678,34279,193692
16,54269,103574,7747,33466,190112
17,55237,106061,7910,32885,190909
18,56065,108919,7747,33318,194075
19,55305,105735,7613,33614,193597
20,56500,106922,7882,34100,196046
21,56707,103378,7884,34155,190350
22,57949,106067,7841,34398,189611
23,58226,112851,7900,35308,186801
24,58309,112776,7866,35892,182186
25,59404,115052,7842,35125,180862
26,58780,117620,7930,34909,182419
27,58879,116819,8014,34704,181630
28,58486,112279,7971,34808,178257
29,58867,111622,8041,34385,178924
30,58757,111897,7859,32870,177470
31,58451,111900,7807,32178,169938
32,57564,113601,7863,32451,170693
33,58451,112999,7902,31938,169287
34,58056,111221,8045,32893,168552
35,58855,112174,8005,32995,168659
36,58639,111355,8171,32095,168128
37,57649,111621,8171,31310,163849
38,57472,112991,8277,31680,160395
39,57279,112660,8332,31714,164851
40,58514,112471,8222,32090,164778
41,58862,112980,8427,32534,164635
42,60023,108857,8380,31959,159279
43,59456,108827,8416,30715,156519
44,60833,107713,8433,30012,159146
45,60726,107964,8095,31100,160311
46,61377,107429,8134,31407,164966
47,59661,110510,8308,30539,164842
48,59808,109109,8397,30535,165312
49,61237,107817,8157,30315,165677
50,62181,110368,8286,30122,164727
51,62829,106640,8224,29620,163564
52,61657,107349,8430,29803,158425
53,62822,109639,8329,29351,156601
54,63213,110683,8299,30116,157106
55,63528,106917,8295,30504,156793
56,63833,111646,8505,30998,157303
57,62462,112053,8443,30930,156620
58,60639,111064,8634,30171,157003
59,59649,110601,8673,30409,157217
60,60098,112199,8675,30701,155927
61,57922,109779,8931,29683,154885
62,58458,111838,8971,29667,158740
63,59687,109719,9125,30193,159580
64,59726,113586,9082,30960,158011
65,60176,114998,9120,31299,153372
66,60432,112738,9100,31574,156461
67,62106,117123,8970,30985,155663
68,63121,116335,9144,30709,152249
69,63928,116638,9378,31204,150898
70,64878,119282,9404,31759,151215
71,63641,119057,9501,31681,147845
72,63655,119956,9382,31807,145414
73,61928,117206,9531,30984,142777
74,62532,121420,9420,31371,143582
75,62587,124613,9256,31162,140514
76,60845,126975,9222,31791,134356
77,61113,127992,9168,31780,132635
78,62528,130047,9051,31250,136435
79,64805,133292,8878,30653,136837
80,65165,129112,8817,31049,135156
81,64430,126892,9088,30239,133778
82,62904,126632,9278,30713,136629
83,63566,122482,9027,30377,135366
84,61861,120273,9043,30330,135900
85,61285,121814,9187,30027,137630
86,60946,121031,9329,30559,137881
87,62008,124489,9358,30137,139853
88,61701,123840,9346,30462,145948
89,61370,122964,9290,29867,148431
90,60490,122304,9279,30407,147066
91,61634,120846,9345,29905,152414
92,60925,121015,9673,30154,154285
93,60089,120912,9820,30404,150476
94,59902,121139,9583,30444,153047
95,59498,123563,9708,30265,148355
96,59039,119335,9420,30519,151437
97,59451,122835,9558,29333,152939
98,58806,124526,9544,29559,152531
99,59570,125217,9480,29205,155687
100,58543,123541,9489,29551,157701
101,57034,121918,9559,29403,159896
102,57159,119184,9588,29701,157150
103,57494,118521,9772,29859,157868
104,57302,120589,9912,30154,161370
105,56743,116843,9789,30366,162044
106,56272,119911,9769,30489,162986
107,55696,123538,9741,30679,159568
108,55414,127105,9800,30333,161826
109,55100,128617,9814,30909,160056
110,55555,127166,10006,29954,159859
111,55821,126415,10045,28579,157415
112,54901,128747,10310,27956,153923
113,53270,132175,10141,27417,154184
114,51876,130978,10071,27277,153253
115,52522,130112,9977,27480,154494
116,52523,132128,9989,28019,159975
117,52634,133762,9894,27348,161244
118,52821,130623,9974,26971,159609
119,54426,130877,9729,26854,162454
120,54078,130989,10053,26640,163731
121,53980,133311,10242,26241,166137
122,52577,133158,10454,26812,166725
123,54206,133612,10781,27585,167089
124,55486,133098,10548,26988,167734
125,54497,132021,10632,27433,168930
126,55502,123945,10600,27236,169552
127,54330,122595,10510,27866,171073
128,54959,120703,10441,27945,165812
129,54878,120572,10399,28009,168072
130,54769,118119,10135,28354,165404
131,55400,119182,10045,28749,169891
132,55658,117600,10083,28251,172746
133,55236,120232,10194,27753,170178
134,53672,118881,10094,27803,173392
135,53529,117255,9880,28005,169719
136,53698,117375,9904,28540,171506
137,52858,114796,9942,28575,166475
138,51411,112897,9984,28452,163873
139,51742,111560,10174,29131,163331
140,51345,112517,10232,29737,169105
141,51912,111885,10588,29440,164862
142,52096,110546,10446,28567,166053
143,52997,108641,10352,28792,167174
144,52888,106922,10205,29474,166362
145,52879,107585,10270,29630,167330
146,53837,107595,10464,29654,168727
147,53955,104531,10497,28681,169645
148,54583,109111,10803,28209,171908
149,54940,107162,10703,28046,175266
150,55104,109616,10280,28075,171964
151,53786,109455,9876,28006,167177
152,53061,108279,9852,28801,175116
153,54433,105733,9947,28093,174757
154,53937,105929,9503,28242,173590
155,53869,105338,9571,29547,177474
156,52880,107187,9536,30255,171559
157,51616,107285,9765,30708,174632
158,52736,106907,9570,31194,175590
159,53030,107319,9717,31616,174202
160,52571,107088,9594,31962,174160
161,51753,104359,9748,32156,171112
162,51335,103054,10004,31602,168475
163,50976,100566,10537,32081,170066
164,50699,101191,10710,32175,166746
165,51016,101208,10836,33104,167351
166,50392,99592,10853,32453,164818
167,50417,98243,10747,32950,163580
168,50603,98496,10908,32498,161804
169,49715,101283,10961,31555,163180
170,51971,101063,10831,31418,165959
171,51478,99174,10898,31106,169399
172,51855,103312,10783,31624,170292
173,51148,103927,10943,31587,170055
174,49886,104373,10805,31908,169433
175,50508,104770,10676,32146,170249
176,50461,105424,10600,32719,169749
177,49432,101680,10252,32966,164724
178,49380,102088,10078,34480,162401
179,50412,100852,10034,34446,164115
180,49737,99048,10060,34505,164068
181,50081,101548,10222,35177,163030
182,49974,100818,10016,36344,161148
183,50551,101778,9690,37205,156517
184,50885,101713,9288,38249,158959
185,51643,101168,8925,37350,158230
186,53564,101245,8889,37106,154054
187,53255,101395,8740,38306,154480
188,53177,98778,8594,38185,153451
189,53245,99334,8422,38999,149857
190,51810,99375,8237,39201,149698
191,53160,98016,8389,39634,150005
192,51864,98148,8425,39586,149614
193,52503,94427,8307,38756,148818
194,52666,94712,8402,38659,148755
195,53653,92723,8330,37472,149070
196,53708,92734,8248,37173,148699
197,53937,96640,8386,36325,144064
198,54682,95016,8162,36592,145138
199,55562,94315,8088,37261,146478
200,56898,93413,8123,37173,150983
201,57002,93938,7829,37875,151172
202,57493,89893,7956,37695,150000
203,57521,86592,7981,36136,146989
204,59498,86843,7946,36427,141513
205,58737,85615,8203,35569,140999
206,55812,86542,8308,35785,138566
207,57420,87298,8024,35297,138654
208,58855,86564,8189,35939,140553
209,60248,87835,8184,36691,142148
210,59682,84704,8222,37153,140800
211,59745,84709,8176,36896,141975
212,61311,83152,8123,37234,143317
213,60156,85176,8143,36039,143237
214,60916,84318,8298,36121,141084
215,62465,84087,8437,36063,141797
216,62907,84899,8323,35983,138917
217,62136,87235,8284,36059,137407
218,61135,87098,8034,36461,137174
219,62367,88373,8021,36143,135781
220,62153,86411,8128,36347,136947
221,61950,82958,7915,35850,135146
222,61977,81764,7839,36821,138205
223,60934,84050,7730,36834,140131
224,59667,83937,7643,37033,140717
225,59874,84812,7730,36651,139456
226,59159,84378,7764,36179,138882
227,57864,83844,7984,36761,139906
228,56895,83577,7866,36515,141999
229,56345,85305,7874,37346,145078
230,58176,85995,7950,36412,146357
231,57323,86140,7978,36703,148088
232,58678,87517,7912,36416,149539
233,58692,85879,7881,34212,144939
234,58395,86226,7918,34961,144749
235,60167,84749,8257,34170,143235
236,58455,84391,8083,34676,140985
237,57238,83929,8027,34652,139274
238,58197,83964,8089,35229,140007
239,57093,87326,8240,36175,140875
240,59481,86220,8230,36095,133785
241,59940,88627,8036,36618,134553
242,61550,92157,8112,35752,136658
243,60531,93523,8101,35971,137086
244,59631,91541,8070,35661,140668
245,58983,89298,8154,34832,142015
246,57786,87118,8280,35463,140014
247,58064,87605,8403,35566,137995
248,57321,89362,8412,34637,136396
249,58988,88030,8431,34497,131762
250,61016,87479,8365,35186,133339
251,60513,88392,8363,36144,129272
252,62274,89060,8307,35345,131295
