program_id,district,program_type,target_group,start_date,participants,budget,completion_rate,satisfaction
P0001,south,math,elementary,2025-02-03,25,2077389,0.65,3.6
P0002,south,science,high,2025-12-05,25,1747654,0.72,4.8
P0003,central,math,elementary,2025-12-18,47,3709490,0.77,3.7
P0004,west,science,middle,2025-06-06,39,2812687,0.86,3.0
P0005,west,math,elementary,2025-03-06,38,2060620,0.85,4.0
P0006,east,math,middle,2025-07-12,32,1404605,0.75,3.8
P0007,west,art,middle,2025-11-10,33,2301692,0.77,3.5
P0008,east,math,elementary,2025-12-15,24,866274,0.73,3.7
P0009,central,math,elementary,2025-11-03,29,1113445,0.93,3.8
P0010,north,coding,middle,2025-10-21,23,1578143,0.67,4.8
P0011,west,coding,middle,2025-09-02,37,2410044,0.81,4.0
P0012,west,art,middle,2025-12-15,25,1273133,0.79,4.1
P0013,east,math,middle,2025-08-26,13,689717,0.76,3.3
P0014,west,reading,elementary,2025-06-03,18,1390838,0.83,3.5
P0015,central,reading,elementary,2025-12-01,9,520873,0.94,3.9
P0016,south,science,elementary,2025-06-12,22,1053442,0.61,3.2
P0017,north,reading,middle,2025-02-25,28,2006838,0.7,3.3
P0018,east,art,high,2025-01-05,23,1376619,0.7,3.6
P0019,central,science,high,2025-05-10,32,2156283,0.81,3.3
P0020,west,coding,elementary,2025-06-05,33,1501870,0.71,4.3
P0021,central,art,high,2025-12-28,26,1110030,0.79,3.7
P0022,north,reading,middle,2025-05-08,33,1506787,0.76,4.6
P0023,north,art,middle,2025-08-02,18,955650,0.73,4.2
P0024,south,coding,middle,2025-12-14,28,1122210,0.83,4.2
P0025,south,math,high,2025-08-28,33,2353256,0.99,4.4
P0026,east,math,elementary,2025-02-25,31,1442048,0.84,3.7
P0027,north,reading,middle,2025-04-03,14,1145948,0.86,4.3
P0028,east,coding,high,2025-06-16,41,2884420,0.56,4.2
P0029,east,coding,middle,2025-09-01,22,1540928,0.88,3.5
P0030,west,reading,middle,2025-12-24,14,908533,0.61,3.7
P0031,west,math,middle,2025-06-01,24,1484967,0.7,3.6
P0032,north,art,high,2025-01-09,19,777231,0.53,3.1
P0033,west,science,elementary,2025-08-23,30,1830314,0.86,3.9
P0034,central,art,middle,2025-02-01,16,843895,0.99,3.3
P0035,south,art,high,2025-06-06,12,812597,0.87,4.4
P0036,east,math,elementary,2025-04-04,18,1465902,0.75,3.9
P0037,west,science,middle,2025-07-04,23,1030182,0.82,3.5
P0038,east,art,high,2025-10-20,30,2289163,0.96,3.6
P0039,south,science,high,2025-08-09,33,2367310,0.82,4.5
P0040,east,reading,high,2025-01-24,23,1079629,0.84,4.7
P0041,north,art,middle,2025-09-23,23,1762768,0.58,4.2
P0042,south,math,high,2025-02-25,31,2612268,0.61,3.1
P0043,east,science,high,2025-10-02,23,1636359,0.8,4.9
P0044,north,science,middle,2025-05-27,37,1906337,0.78,3.2
P0045,north,art,elementary,2025-06-22,20,1216405,0.97,3.6
P0046,east,coding,high,2025-03-18,23,1671336,0.75,3.7
P0047,west,science,high,2025-11-13,20,1024012,0.63,2.5
P0048,north,art,high,2025-06-07,26,1161462,0.77,2.8
P0049,west,math,elementary,2025-12-17,38,3191372,0.81,3.4
P0050,north,math,high,2025-01-05,11,515055,0.84,3.7
P0051,west,science,middle,2025-06-15,25,1952459,0.93,4.3
P0052,east,science,middle,2025-02-17,21,1306423,0.91,3.7
P0053,west,art,middle,2025-04-19,35,1898647,0.72,3.8
P0054,east,science,high,2025-02-07,34,2566456,0.92,4.0
P0055,central,art,elementary,2025-03-11,27,2263200,0.64,3.6
P0056,north,coding,high,2025-06-26,31,1249863,0.91,4.1
P0057,central,math,middle,2025-03-01,20,1501804,0.83,3.9
P0058,north,science,high,2025-01-08,29,1547060,0.7,4.0
P0059,central,reading,middle,2025-10-03,20,1334964,0.73,4.1
P0060,south,coding,high,2025-05-17,29,1151157,0.83,3.4
P0061,east,reading,elementary,2025-07-16,39,3257879,0.71,4.1
P0062,north,science,high,2025-07-13,28,1536230,0.66,4.1
P0063,east,coding,high,2025-02-05,36,1620563,0.75,4.4
P0064,west,coding,middle,2025-10-20,37,2467283,0.85,4.3
P0065,south,science,high,2025-03-07,31,2476681,0.73,4.4
P0066,west,coding,middle,2025-01-12,35,2451800,0.98,3.9
P0067,west,art,middle,2025-05-18,12,599386,0.55,4.1
P0068,north,math,elementary,2025-01-28,16,1319256,0.68,3.7
P0069,west,math,high,2025-01-18,34,2393712,0.75,3.9
P0070,north,science,middle,2025-10-15,25,887925,0.69,3.8
P0071,west,coding,elementary,2025-05-10,42,2071163,0.65,4.8
P0072,central,art,high,2025-09-06,29,1864289,0.87,3.8
P0073,north,art,middle,2025-02-14,25,2025651,0.8,4.1
P0074,central,art,elementary,2025-10-19,28,1390474,0.86,4.2
P0075,south,art,elementary,2025-08-12,27,987261,0.71,4.2
P0076,east,math,high,2025-07-10,30,1224410,0.82,3.3
P0077,north,science,elementary,2025-11-24,31,1375220,0.57,4.4
P0078,west,coding,middle,2025-08-23,15,976965,0.81,3.6
P0079,west,math,middle,2025-08-28,34,2708378,0.62,4.1
P0080,central,math,high,2025-09-19,24,1096797,0.87,3.8
P0081,south,reading,elementary,2025-08-21,21,945817,0.74,4.0
P0082,west,science,high,2025-11-04,42,3412533,0.92,3.7
P0083,west,math,middle,2025-06-07,25,1650729,0.67,3.5
P0084,east,coding,elementary,2025-05-07,21,1232914,0.66,4.0
P0085,west,math,middle,2025-12-08,45,2420724,0.74,3.3
P0086,south,math,high,2025-10-15,28,1955605,0.78,4.9
P0087,west,math,high,2025-03-19,30,2009717,0.68,4.2
P0088,south,reading,high,2025-10-17,27,1170259,0.89,4.2
P0089,south,art,middle,2025-08-03,33,1807203,0.78,4.2
P0090,central,art,high,2025-03-15,40,2691233,0.76,4.0
P0091,west,art,elementary,2025-08-25,30,1051470,1.0,3.2
P0092,east,science,high,2025-09-10,33,2801781,0.95,3.6
P0093,east,coding,middle,2025-11-27,32,1749712,0.93,4.0
P0094,south,art,elementary,2025-02-05,16,604025,0.73,4.3
P0095,east,coding,middle,2025-11-04,37,1745418,0.84,4.0
P0096,west,reading,high,2025-01-04,30,2488458,0.79,4.2
P0097,east,reading,elementary,2025-06-21,19,1190158,0.75,3.4
P0098,central,math,high,2025-06-07,20,792466,0.83,3.8
P0099,west,coding,middle,2025-09-02,46,1718414,0.65,4.2
P0100,central,science,elementary,2025-05-09,30,1464545,0.65,4.0
P0101,central,art,high,2025-11-16,26,1349301,0.87,4.2
P0102,north,math,high,2025-11-06,30,1110240,0.76,3.8
P0103,east,reading,high,2025-07-08,34,1718024,0.87,3.5
P0104,south,reading,middle,2025-10-25,16,1004570,0.95,4.1
P0105,north,coding,elementary,2025-07-28,15,884502,0.81,3.7
P0106,east,coding,middle,2025-02-02,18,1076716,0.69,4.1
P0107,west,reading,high,2025-12-07,21,827799,0.6,4.1
P0108,central,math,middle,2025-01-05,20,1173450,0.77,3.1
P0109,west,reading,high,2025-03-27,19,1487580,0.65,3.3
P0110,east,art,high,2025-02-13,28,1709420,0.8,3.7
P0111,west,coding,elementary,2025-03-15,37,2574701,0.8,3.9
P0112,north,reading,high,2025-06-08,35,2516096,0.59,3.8
P0113,north,art,elementary,2025-09-14,28,2359097,0.71,4.4
P0114,central,art,elementary,2025-08-12,20,908798,0.91,3.8
P0115,central,science,high,2025-03-14,35,1493645,0.91,3.3
P0116,west,coding,elementary,2025-04-20,28,1024346,0.85,4.7
P0117,west,art,elementary,2025-09-17,27,1459353,0.85,4.1
P0118,west,math,elementary,2025-07-03,33,2457544,0.85,3.3
P0119,south,math,middle,2025-03-03,33,2769386,0.8,4.0
P0120,north,art,high,2025-05-08,38,2116745,1.0,3.9
P0121,north,science,high,2025-09-17,28,2113351,0.72,4.0
P0122,south,art,high,2025-07-06,30,2136634,0.71,2.7
P0123,east,science,middle,2025-07-16,41,3230251,0.77,3.9
P0124,north,art,high,2025-03-19,25,1766562,0.91,4.1
P0125,south,coding,middle,2025-08-22,24,1131587,0.79,4.0
P0126,east,science,middle,2025-09-23,25,2089319,1.0,4.2
P0127,west,art,high,2025-06-09,34,2547354,0.47,4.1
P0128,west,art,high,2025-02-25,15,803860,0.7,3.8
P0129,central,art,high,2025-04-14,35,1424169,0.7,4.3
P0130,east,art,high,2025-01-06,13,517455,0.66,3.6
P0131,central,art,middle,2025-06-21,33,1972031,0.85,4.2
P0132,west,math,middle,2025-10-17,17,1238608,0.73,3.8
P0133,west,science,high,2025-07-19,36,1533283,0.88,4.4
P0134,west,art,elementary,2025-06-05,30,1148663,0.83,4.5
P0135,south,math,high,2025-09-27,27,1676070,0.85,4.2
P0136,central,reading,middle,2025-04-14,13,710682,0.7,3.1
P0137,east,science,elementary,2025-01-16,28,1865164,0.83,4.7
P0138,south,reading,elementary,2025-12-26,25,1130582,0.84,4.7
P0139,central,art,middle,2025-03-06,21,1782779,0.71,3.6
P0140,north,reading,high,2025-03-01,18,1385418,0.78,4.2
P0141,north,science,middle,2025-01-11,23,1379476,0.69,4.6
P0142,north,art,high,2025-07-27,22,867690,0.88,3.9
P0143,south,science,elementary,2025-03-17,30,1158687,0.84,4.0
P0144,north,art,elementary,2025-02-26,32,1435919,0.78,2.3
P0145,east,reading,high,2025-08-15,29,1450971,0.81,3.8
P0146,east,science,middle,2025-05-04,26,1516145,0.66,3.7
P0147,north,math,elementary,2025-02-11,18,932042,0.75,3.2
P0148,west,art,high,2025-04-07,29,1636387,0.83,3.7
P0149,south,reading,middle,2025-08-25,27,1192901,0.67,3.7
P0150,north,science,high,2025-12-24,34,1377550,0.68,3.9
P0151,south,reading,elementary,2025-02-24,24,1991286,0.63,3.7
P0152,north,math,middle,2025-06-18,25,1739223,0.89,3.6
P0153,east,reading,middle,2025-08-11,20,1310454,0.61,3.5
P0154,north,art,high,2025-04-13,26,1852954,0.63,3.6
P0155,south,coding,middle,2025-01-26,29,1028919,0.96,4.5
P0156,central,coding,elementary,2025-01-21,32,1321954,0.69,4.1
P0157,central,science,high,2025-02-22,20,889910,0.85,4.1
P0158,north,coding,high,2025-08-23,32,2556084,0.79,4.6
P0159,central,coding,elementary,2025-02-25,35,1633444,0.64,4.4
P0160,east,coding,high,2025-01-14,33,1407621,0.85,4.2
P0161,north,reading,elementary,2025-10-15,24,2002953,0.79,4.1
P0162,north,math,high,2025-05-14,36,1905142,0.67,3.8
P0163,west,coding,middle,2025-05-02,24,1350486,0.75,4.7
P0164,west,math,elementary,2025-02-13,27,1756650,0.7,4.7
P0165,east,coding,high,2025-12-26,44,1785640,0.64,4.0
P0166,west,coding,high,2025-04-17,30,2435450,0.75,3.1
P0167,north,art,high,2025-12-16,27,1811798,0.6,4.0
P0168,north,art,middle,2025-08-28,42,2009496,0.8,3.4
P0169,west,science,elementary,2025-07-25,34,2061041,0.95,3.8
P0170,north,math,high,2025-11-01,43,2049428,0.72,4.2
P0171,east,math,middle,2025-08-05,17,993552,0.66,3.6
P0172,south,math,elementary,2025-12-25,18,1040723,0.79,4.2
P0173,central,coding,high,2025-10-03,32,1866599,0.81,4.2
P0174,south,art,middle,2025-08-16,29,1449434,0.82,4.1
P0175,west,reading,middle,2025-04-21,26,1964186,0.9,3.6
P0176,central,math,high,2025-06-25,18,666690,0.89,3.8
P0177,south,reading,middle,2025-07-22,16,922522,0.81,4.0
P0178,central,art,middle,2025-12-01,17,1237680,0.76,3.5
P0179,south,coding,high,2025-08-26,43,3300067,0.6,4.5
P0180,east,art,elementary,2025-05-12,39,2697447,0.61,3.8
P0181,west,science,elementary,2025-03-19,51,3530045,0.89,4.5
P0182,south,math,elementary,2025-01-21,28,2194574,0.81,3.4
P0183,north,art,high,2025-03-23,35,1542212,0.6,3.3
P0184,north,science,high,2025-11-12,34,2644510,0.74,4.5
P0185,east,reading,middle,2025-02-13,35,2434183,0.7,3.9
P0186,south,coding,middle,2025-07-18,49,4032206,0.83,4.4
P0187,central,reading,elementary,2025-11-06,33,1243590,0.79,3.1
P0188,north,reading,high,2025-02-12,25,2090250,0.75,3.8
P0189,west,art,elementary,2025-10-21,8,400218,0.8,3.1
P0190,east,reading,elementary,2025-06-09,25,1884471,0.75,3.7
P0191,south,art,elementary,2025-04-14,31,2627806,0.57,3.9
P0192,west,science,high,2025-09-25,20,1196582,1.0,3.9
P0193,east,coding,high,2025-10-22,47,1675043,0.71,4.5
P0194,west,science,high,2025-07-14,22,874921,1.0,4.0
P0195,central,reading,elementary,2025-05-22,11,749142,0.82,3.9
P0196,north,coding,elementary,2025-07-15,20,1549782,0.79,3.0
P0197,west,coding,high,2025-11-18,43,1507287,0.78,4.0
P0198,west,art,high,2025-06-11,29,1214210,0.84,3.8
P0199,west,reading,middle,2025-09-08,25,1326274,0.76,3.6
P0200,west,coding,middle,2025-08-27,15,1079984,0.85,4.1
P0201,south,science,middle,2025-10-04,50,3110282,0.78,3.2
P0202,west,science,high,2025-04-26,33,1905237,0.69,3.7
P0203,central,science,middle,2025-10-05,29,1241155,0.83,3.5
P0204,east,science,middle,2025-01-17,17,865625,0.69,3.5
P0205,south,art,high,2025-12-01,22,1706345,0.87,3.4
P0206,north,math,elementary,2025-10-13,36,2874854,0.76,3.2
P0207,west,math,elementary,2025-11-03,21,832906,0.73,4.1
P0208,east,art,middle,2025-06-02,27,1150410,0.78,4.0
P0209,south,art,high,2025-03-27,19,1292444,0.83,4.2
P0210,west,coding,high,2025-03-03,35,2768224,0.71,3.4
P0211,west,art,middle,2025-03-25,22,967246,0.61,3.9
P0212,west,reading,high,2025-04-20,43,1714709,0.7,3.3
P0213,north,art,high,2025-07-16,32,2527509,0.6,3.5
P0214,south,science,elementary,2025-02-08,41,2799433,0.83,3.7
P0215,north,science,elementary,2025-06-05,20,1410164,0.77,4.2
P0216,central,math,high,2025-12-19,21,776928,0.59,3.7
P0217,south,math,middle,2025-10-17,19,1535016,0.69,3.7
P0218,central,art,middle,2025-10-19,23,1233170,0.74,3.3
P0219,central,art,middle,2025-08-28,25,1114751,0.93,3.1
P0220,west,math,middle,2025-05-16,20,1302720,0.78,3.8
P0221,south,coding,elementary,2025-04-16,35,1992891,0.88,3.7
P0222,north,science,elementary,2025-01-05,27,1844803,0.84,3.6
P0223,east,coding,elementary,2025-04-26,35,2626170,0.65,4.0
P0224,west,reading,high,2025-03-06,14,959011,0.69,3.4
P0225,south,reading,middle,2025-12-14,38,1342609,0.84,3.5
P0226,north,coding,high,2025-08-10,31,2479030,0.9,4.6
P0227,north,science,middle,2025-11-04,30,1252453,0.92,3.9
P0228,south,math,high,2025-04-07,14,1040574,0.65,3.8
P0229,north,science,elementary,2025-02-26,32,2296666,0.97,3.5
P0230,south,math,high,2025-11-26,38,1370664,0.72,4.0
P0231,central,science,middle,2025-03-23,25,1197638,0.95,3.9
P0232,east,reading,high,2025-06-22,26,939327,0.78,4.3
P0233,north,science,elementary,2025-08-25,29,1380001,0.74,4.4
P0234,west,coding,high,2025-11-07,35,1787919,0.74,4.5
P0235,south,science,high,2025-01-28,36,2020138,0.78,4.4
P0236,west,reading,middle,2025-12-26,22,1462741,0.94,3.2
P0237,south,math,elementary,2025-07-14,41,2522326,0.81,4.0
P0238,south,art,elementary,2025-07-08,20,1166782,0.76,4.1
P0239,north,art,elementary,2025-04-22,18,1107145,0.67,3.9
P0240,west,math,middle,2025-04-05,17,1360769,0.75,3.8
P0241,north,science,high,2025-06-01,30,1442711,0.98,3.7
P0242,east,math,middle,2025-04-01,41,1574560,0.78,3.8
P0243,west,science,high,2025-12-06,33,1222747,0.81,3.6
P0244,north,art,middle,2025-04-04,23,1764261,0.75,3.6
P0245,east,science,high,2025-10-02,32,2427730,0.89,3.6
P0246,south,reading,high,2025-11-18,21,1072891,0.74,3.4
P0247,east,reading,middle,2025-07-04,14,1183124,0.71,3.7
P0248,north,coding,middle,2025-09-20,28,1542588,0.84,4.2
P0249,west,science,elementary,2025-03-16,26,2004524,0.92,3.1
P0250,north,math,middle,2025-05-11,25,1049960,0.61,3.9
P0251,east,math,high,2025-07-24,40,1744667,0.77,2.8
P0252,west,art,elementary,2025-11-24,21,1076883,0.69,4.4
P0253,north,coding,high,2025-10-23,35,2222897,0.84,3.4
P0254,north,coding,middle,2025-12-22,29,1877467,0.83,3.9
P0255,north,coding,high,2025-03-03,30,2303328,0.84,4.3
P0256,north,math,elementary,2025-10-22,33,2504129,0.65,4.3
P0257,central,art,middle,2025-07-14,17,1012879,0.69,3.6
P0258,north,coding,elementary,2025-08-15,33,2310344,0.91,4.7
P0259,west,art,high,2025-06-11,23,1278877,0.79,4.2
P0260,west,science,elementary,2025-02-21,43,2713141,0.74,3.7
P0261,north,math,high,2025-08-13,28,1257473,0.76,4.4
P0262,north,science,middle,2025-12-20,29,2169615,0.78,4.3
P0263,north,science,high,2025-05-16,25,1886060,0.92,3.7
P0264,south,art,elementary,2025-11-15,18,1193245,0.69,3.7
P0265,central,coding,elementary,2025-10-09,35,2701398,0.93,4.6
P0266,north,coding,middle,2025-06-27,25,911209,0.7,4.9
P0267,east,art,middle,2025-11-18,31,1635004,0.66,4.1
P0268,south,reading,elementary,2025-06-26,25,1835090,0.83,3.7
P0269,east,reading,high,2025-09-16,27,1107872,0.83,4.1
P0270,south,art,elementary,2025-03-15,29,1199103,0.89,3.7
P0271,north,reading,elementary,2025-01-03,37,1601283,0.84,3.1
P0272,west,coding,elementary,2025-01-20,33,1850621,0.8,3.4
P0273,south,coding,middle,2025-12-04,26,2196916,0.77,4.0
P0274,central,coding,high,2025-11-06,27,1964033,1.0,4.3
P0275,east,reading,middle,2025-04-12,31,2359561,0.8,4.4
P0276,east,coding,high,2025-08-28,55,2903746,0.82,3.9
P0277,east,science,high,2025-06-04,42,3119234,0.85,4.0
P0278,north,math,middle,2025-03-12,19,858460,0.75,4.4
P0279,east,art,elementary,2025-06-13,22,1387011,0.79,4.3
P0280,north,science,middle,2025-12-17,32,1485539,0.81,3.5
P0281,south,coding,elementary,2025-06-22,31,1383390,0.83,4.0
P0282,south,science,high,2025-02-17,32,2233990,0.84,3.6
P0283,south,science,elementary,2025-03-11,40,1964000,0.85,3.8
P0284,central,math,high,2025-06-20,21,1392703,0.83,3.9
P0285,west,coding,elementary,2025-09-22,34,2249487,0.68,3.8
P0286,east,science,middle,2025-07-18,22,1549536,1.0,2.9
P0287,east,science,high,2025-09-03,44,2708299,0.78,3.6
P0288,central,reading,elementary,2025-01-21,30,1499431,0.98,3.9
P0289,south,science,high,2025-02-14,29,1410192,0.72,3.9
P0290,west,coding,middle,2025-03-09,24,1230897,0.79,3.9
P0291,south,math,middle,2025-03-18,32,1898501,0.65,3.7
P0292,west,science,elementary,2025-01-06,26,1723208,0.68,4.5
P0293,north,art,elementary,2025-04-24,28,1977040,0.67,3.6
P0294,central,coding,middle,2025-05-21,23,879031,0.88,4.1
P0295,west,art,elementary,2025-03-25,21,1201442,0.67,4.4
P0296,west,art,elementary,2025-08-11,36,3018707,0.68,3.9
P0297,central,reading,high,2025-07-17,35,1566608,0.53,3.5
P0298,west,math,middle,2025-11-08,14,739475,0.88,3.5
P0299,central,science,middle,2025-03-14,30,2110243,0.59,3.6
P0300,north,coding,middle,2025-08-10,34,2397943,0.81,4.4
P0301,south,reading,high,2025-10-05,31,1157903,0.96,4.3
P0302,south,science,high,2025-09-16,30,1883685,0.73,3.9
P0303,east,reading,middle,2025-11-03,32,1455565,0.71,4.7
P0304,north,math,middle,2025-09-25,23,1725530,0.72,3.2
P0305,south,art,middle,2025-12-18,29,1487071,0.9,4.0
P0306,south,reading,middle,2025-09-21,10,660683,0.79,3.8
P0307,west,reading,middle,2025-07-04,20,1078983,0.6,4.0
P0308,south,reading,middle,2025-01-08,10,600655,0.86,3.2
P0309,central,science,middle,2025-03-23,16,1137632,0.99,3.9
P0310,south,reading,high,2025-08-07,29,1191282,0.72,3.4
P0311,west,art,elementary,2025-02-09,28,1184046,0.89,3.9
P0312,east,math,middle,2025-09-26,26,2069481,0.92,4.3
P0313,north,reading,middle,2025-10-19,29,1939921,0.76,4.1
P0314,west,art,high,2025-03-06,18,1230775,0.75,3.6
P0315,south,art,high,2025-06-22,22,939416,0.71,3.8
P0316,central,reading,high,2025-06-15,32,1542071,0.64,3.4
P0317,south,reading,elementary,2025-03-02,16,1250601,0.8,3.9
P0318,south,coding,middle,2025-02-22,19,920087,0.78,3.7
P0319,north,science,elementary,2025-02-20,34,1852843,0.71,3.6
P0320,north,reading,high,2025-06-23,17,757403,0.68,4.0
P0321,south,reading,elementary,2025-11-11,33,2617303,0.9,3.9
P0322,east,reading,elementary,2025-04-03,27,1901745,0.81,4.1
P0323,south,art,middle,2025-03-27,31,2618245,0.81,3.1
P0324,west,math,high,2025-03-15,26,1487725,0.63,3.8
P0325,north,coding,middle,2025-08-11,40,2524020,0.68,4.4
P0326,central,math,elementary,2025-10-28,47,1698137,0.61,3.8
P0327,central,math,middle,2025-02-25,23,1504847,0.79,4.6
P0328,north,math,high,2025-05-21,33,2599863,0.62,3.6
P0329,north,coding,high,2025-01-14,39,1873414,0.55,3.9
P0330,central,coding,middle,2025-07-09,33,1780572,0.69,4.1
P0331,west,art,middle,2025-02-07,22,1077555,0.75,3.9
P0332,west,coding,middle,2025-12-23,44,1830898,0.77,3.9
P0333,south,reading,elementary,2025-03-02,35,2228390,0.63,3.1
P0334,south,math,middle,2025-01-14,17,1109669,0.65,3.5
P0335,central,math,high,2025-09-15,26,1805797,0.75,4.6
P0336,north,reading,middle,2025-03-10,19,850499,0.83,4.2
P0337,central,art,high,2025-07-03,22,1438481,0.75,4.6
P0338,west,art,middle,2025-05-18,30,2478763,0.55,4.0
P0339,east,coding,middle,2025-09-06,25,1640710,0.83,3.6
P0340,east,math,high,2025-03-26,12,656920,0.72,4.3
P0341,north,reading,elementary,2025-07-03,38,1601598,0.73,4.0
P0342,east,reading,elementary,2025-12-21,21,1062379,0.71,3.9
P0343,central,reading,elementary,2025-06-21,29,1269555,0.69,3.8
P0344,central,science,middle,2025-11-06,23,1821167,0.63,2.7
P0345,central,reading,elementary,2025-06-21,21,1205956,0.85,3.4
P0346,south,reading,middle,2025-06-23,8,369096,0.74,3.3
P0347,south,art,elementary,2025-06-26,30,1809992,0.65,3.4
P0348,central,coding,elementary,2025-10-19,34,1527862,0.72,4.3
P0349,east,science,elementary,2025-10-21,33,2458693,0.78,4.1
P0350,north,art,elementary,2025-01-18,21,1225364,0.76,4.5
P0351,north,reading,middle,2025-08-08,27,1700529,0.77,4.2
P0352,south,art,middle,2025-09-08,29,1358372,0.62,3.6
P0353,south,reading,elementary,2025-03-22,25,1420754,0.92,3.9
P0354,north,math,high,2025-08-03,16,729071,0.76,4.1
P0355,central,reading,high,2025-10-19,25,1290489,0.73,3.7
P0356,central,math,elementary,2025-08-10,28,2144482,0.86,3.7
P0357,south,reading,high,2025-01-02,38,2687350,0.87,3.0
P0358,south,science,middle,2025-01-13,33,1287212,0.98,4.6
P0359,south,reading,middle,2025-01-09,25,1040756,0.95,3.3
P0360,east,coding,high,2025-05-13,45,3145823,0.72,4.1
P0361,west,math,high,2025-02-04,18,1442449,0.83,4.0
P0362,west,coding,high,2025-02-04,34,2722459,0.78,3.8
P0363,south,coding,middle,2025-11-15,18,1167898,0.71,4.4
P0364,west,art,high,2025-09-13,31,1873969,0.94,3.7
P0365,south,reading,high,2025-04-11,38,2777263,0.95,3.5
P0366,south,math,middle,2025-08-22,19,1273538,0.75,3.6
P0367,north,math,middle,2025-11-14,25,1907757,0.82,3.3
P0368,south,reading,elementary,2025-03-06,27,1454892,0.6,3.7
P0369,south,reading,middle,2025-10-03,31,2180137,0.9,3.6
P0370,central,coding,high,2025-01-12,45,1730770,0.74,3.9
P0371,north,science,elementary,2025-12-18,35,2708668,1.0,3.6
P0372,south,science,elementary,2025-12-19,28,1530957,0.81,4.2
P0373,north,coding,high,2025-05-27,24,1288005,0.88,4.3
P0374,west,art,middle,2025-02-10,31,2197579,0.84,3.6
P0375,central,science,middle,2025-02-19,25,1012082,0.93,3.2
P0376,north,art,elementary,2025-07-24,23,1117710,0.67,4.0
P0377,north,science,high,2025-09-08,17,635752,0.7,4.2
P0378,west,art,middle,2025-07-05,34,2380929,0.87,2.9
P0379,east,coding,high,2025-07-04,50,1801735,0.98,4.0
P0380,west,math,middle,2025-09-11,37,1471637,0.68,3.8
P0381,north,math,high,2025-10-02,22,1146987,0.79,3.9
P0382,north,coding,high,2025-09-23,24,1434755,0.73,3.9
P0383,central,art,middle,2025-11-20,34,1499969,0.77,4.2
P0384,west,coding,high,2025-11-26,30,1708880,0.7,4.8
P0385,central,coding,elementary,2025-04-08,28,1449400,0.85,4.2
P0386,east,science,middle,2025-02-25,34,2141831,0.63,3.7
P0387,south,reading,high,2025-10-27,24,1511988,0.63,3.4
P0388,central,math,high,2025-11-02,28,1273455,0.62,3.6
P0389,west,reading,elementary,2025-05-19,18,670626,0.77,4.1
P0390,north,coding,elementary,2025-03-01,14,1135103,0.93,3.9
P0391,north,math,high,2025-11-04,39,1495667,0.93,4.6
P0392,central,science,high,2025-08-01,41,3285833,0.89,3.7
P0393,west,math,middle,2025-02-17,33,2165694,0.53,4.0
P0394,west,science,high,2025-01-27,24,1999394,0.86,3.3
P0395,north,science,middle,2025-12-16,21,1091631,0.84,4.3
P0396,north,science,middle,2025-11-12,56,2073338,0.76,3.8
P0397,south,reading,middle,2025-11-08,18,776758,0.87,3.9
P0398,west,art,elementary,2025-10-24,13,930696,0.7,3.4
P0399,west,reading,middle,2025-03-14,17,639492,0.82,3.5
P0400,east,science,high,2025-02-09,29,1089847,0.81,4.4
P0401,east,math,elementary,2025-10-27,27,1146977,0.68,4.1
P0402,south,science,elementary,2025-08-23,34,1884320,0.77,3.7
P0403,south,math,middle,2025-03-24,36,2901600,0.77,3.6
P0404,central,science,elementary,2025-01-09,33,1865782,0.78,4.2
P0405,west,coding,elementary,2025-04-14,17,890202,0.74,4.5
P0406,west,reading,elementary,2025-04-24,21,1236840,0.82,4.1
P0407,north,art,high,2025-11-24,32,1212994,0.94,4.4
P0408,central,science,high,2025-08-08,18,1204288,0.71,3.7
P0409,east,coding,high,2025-01-19,38,2802157,0.79,3.9
P0410,west,coding,high,2025-01-23,8,615543,0.84,4.8
P0411,south,art,elementary,2025-11-09,21,1175087,0.68,4.2
P0412,east,coding,elementary,2025-03-12,39,2827459,0.77,4.5
P0413,south,math,middle,2025-04-02,17,989425,0.66,3.4
P0414,west,science,high,2025-02-17,28,1636939,0.96,4.4
P0415,central,coding,elementary,2025-05-02,37,2343047,0.74,4.4
P0416,central,math,high,2025-06-05,14,837678,0.54,3.8
P0417,north,coding,middle,2025-02-17,32,1874565,0.75,5.0
P0418,west,coding,middle,2025-08-20,25,2043205,0.8,4.3
P0419,south,science,middle,2025-06-08,35,2974456,0.73,3.8
P0420,west,art,high,2025-03-04,34,2412089,0.82,4.3
P0421,north,science,elementary,2025-09-19,17,746556,0.67,3.5
P0422,north,math,middle,2025-10-20,29,2004064,0.88,3.7
P0423,north,art,high,2025-03-05,16,741557,0.83,3.2
P0424,east,art,elementary,2025-11-09,36,1718881,0.8,3.9
P0425,north,coding,middle,2025-08-06,34,1540033,0.75,4.5
P0426,north,reading,middle,2025-05-15,26,1676203,0.86,4.0
P0427,south,coding,high,2025-04-13,43,3482612,0.87,4.4
P0428,east,coding,high,2025-03-17,20,804541,0.85,5.0
P0429,east,coding,high,2025-04-10,32,1153745,0.82,4.5
P0430,east,coding,middle,2025-04-05,33,1632823,0.72,4.2
P0431,south,art,high,2025-03-25,35,2448287,0.87,3.9
P0432,south,reading,middle,2025-04-09,26,1582793,0.63,4.1
P0433,central,math,middle,2025-05-18,26,1646027,0.59,4.5
P0434,central,science,elementary,2025-07-01,32,1466601,0.63,4.2
P0435,central,coding,high,2025-12-04,34,2844846,1.0,4.3
P0436,west,math,middle,2025-05-02,24,1141723,0.7,3.9
P0437,west,coding,high,2025-12-13,29,1853039,0.63,3.6
P0438,north,art,elementary,2025-11-12,33,2180563,0.84,3.7
P0439,south,coding,elementary,2025-05-26,42,3338055,0.87,3.7
P0440,north,science,middle,2025-01-10,38,2827620,0.86,4.2
P0441,south,coding,middle,2025-05-03,23,1407397,0.62,4.5
P0442,east,reading,middle,2025-02-18,19,1117497,0.79,3.5
P0443,south,art,high,2025-06-16,8,516554,0.6,3.4
P0444,north,coding,elementary,2025-11-11,31,2569964,0.95,4.8
P0445,west,math,elementary,2025-03-25,29,2369306,0.71,3.6
P0446,north,reading,elementary,2025-09-26,20,1101115,0.74,4.0
P0447,central,coding,elementary,2025-08-18,28,1022434,0.84,5.0
P0448,east,reading,middle,2025-12-04,21,1596030,0.84,3.1
P0449,west,math,elementary,2025-08-02,16,772056,0.62,3.6
P0450,east,art,elementary,2025-08-01,29,1346823,0.74,3.7
P0451,south,math,high,2025-02-13,22,1275398,0.89,3.8
P0452,north,reading,high,2025-09-04,29,1493707,0.75,4.1
P0453,central,art,high,2025-06-18,29,1394880,0.89,4.4
P0454,east,coding,elementary,2025-09-20,40,1625553,0.66,3.6
P0455,east,art,high,2025-07-28,22,939189,0.83,4.0
P0456,west,math,high,2025-02-02,16,961113,0.9,4.1
P0457,west,math,middle,2025-08-22,24,1509147,0.64,4.1
P0458,north,math,high,2025-01-22,17,833197,0.54,2.7
P0459,west,science,elementary,2025-04-01,34,2857797,0.73,3.6
P0460,south,coding,high,2025-11-13,38,1922267,0.87,3.9
P0461,south,science,high,2025-09-06,19,1229871,0.75,3.7
P0462,south,coding,middle,2025-07-21,41,1626607,0.81,4.2
P0463,north,coding,elementary,2025-06-18,31,1805114,0.85,3.9
P0464,south,reading,high,2025-07-26,32,2082846,0.84,4.2
P0465,north,reading,middle,2025-09-18,14,784347,0.85,4.0
P0466,south,art,high,2025-06-06,31,1215673,0.71,3.7
P0467,south,reading,middle,2025-09-06,20,1075718,0.78,3.7
P0468,north,art,high,2025-04-27,14,1188126,0.75,4.1
P0469,central,reading,middle,2025-10-14,37,2552229,0.98,3.7
P0470,central,art,high,2025-08-23,11,619111,0.84,3.7
P0471,central,math,elementary,2025-01-11,11,634058,0.71,4.3
P0472,east,science,high,2025-01-24,41,2413729,0.86,3.1
P0473,south,math,middle,2025-05-24,34,1580947,0.68,3.7
P0474,north,math,high,2025-12-16,19,778999,0.71,3.2
P0475,south,art,high,2025-06-08,30,2044954,0.85,4.0
P0476,west,art,elementary,2025-04-17,20,724238,0.74,3.9
P0477,central,math,elementary,2025-09-22,23,1438844,0.62,4.3
P0478,east,reading,middle,2025-02-11,25,1840013,0.78,3.7
P0479,north,coding,elementary,2025-08-17,22,1235586,0.77,4.2
P0480,central,science,elementary,2025-10-22,23,1022958,0.78,4.0
P0481,north,coding,high,2025-04-08,31,2237817,0.68,4.2
P0482,north,art,high,2025-03-15,30,1604004,0.87,4.1
P0483,north,math,middle,2025-10-07,28,1839110,0.71,2.9
P0484,central,reading,middle,2025-01-18,13,647753,0.77,4.0
P0485,east,science,elementary,2025-01-19,24,1012164,0.75,4.2
P0486,east,coding,middle,2025-09-03,40,1616285,0.87,3.9
P0487,west,science,high,2025-09-01,47,3329970,0.74,3.9
P0488,south,reading,high,2025-08-21,24,1230493,0.81,3.7
P0489,central,math,high,2025-03-22,30,2332274,0.81,4.0
P0490,north,math,elementary,2025-10-09,28,1601892,0.74,3.8
P0491,west,coding,elementary,2025-07-20,22,1469259,0.82,4.3
P0492,west,coding,elementary,2025-08-09,35,2207705,0.83,3.7
P0493,west,coding,high,2025-09-19,27,1134073,0.74,4.6
P0494,central,art,high,2025-06-13,25,1273778,0.65,4.9
P0495,central,reading,high,2025-01-26,33,1262818,0.75,3.9
P0496,north,reading,elementary,2025-11-05,29,1940436,0.7,4.2
P0497,central,reading,elementary,2025-09-23,44,3657533,0.79,3.8
P0498,south,math,middle,2025-11-12,33,1574039,0.7,3.7
P0499,south,coding,elementary,2025-07-21,36,1443145,0.7,4.7
P0500,north,coding,middle,2025-02-22,40,3247108,0.75,3.8
P0501,east,art,elementary,2025-02-05,22,1410194,0.8,4.3
P0502,west,coding,high,2025-12-13,26,1004219,0.79,4.2
P0503,west,science,high,2025-03-09,32,2202145,0.73,3.9
P0504,east,coding,elementary,2025-03-08,37,2138364,0.81,3.7
P0505,central,math,middle,2025-01-02,21,857856,0.84,3.0
P0506,south,coding,high,2025-12-06,40,3167544,0.69,3.6
P0507,east,math,middle,2025-05-04,8,354097,0.73,4.4
P0508,west,coding,middle,2025-02-20,25,1730232,0.74,5.0
P0509,south,art,elementary,2025-03-12,16,1004917,0.93,3.7
P0510,north,math,elementary,2025-06-04,24,1726456,0.98,3.3
P0511,east,math,middle,2025-06-06,35,1282609,0.82,3.2
P0512,south,science,high,2025-07-03,34,2478318,0.86,3.4
P0513,east,math,high,2025-06-09,31,1926087,0.77,4.0
P0514,central,art,high,2025-02-19,27,1088004,0.89,3.7
P0515,south,science,high,2025-10-18,26,1294000,0.75,3.9
P0516,north,reading,middle,2025-01-24,35,1890206,0.84,4.0
P0517,west,coding,middle,2025-09-19,31,1177799,0.81,4.6
P0518,north,science,middle,2025-02-03,47,3889054,0.68,4.3
P0519,central,math,middle,2025-12-17,31,2268851,0.74,4.1
P0520,east,coding,elementary,2025-07-19,33,2393003,0.71,4.8
P0521,south,reading,high,2025-09-20,41,2984792,0.84,4.2
P0522,east,science,high,2025-03-20,44,2020182,0.86,4.2
P0523,central,coding,middle,2025-03-05,37,2202478,0.81,4.2
P0524,west,reading,elementary,2025-03-25,25,1419042,0.95,5.0
P0525,north,math,middle,2025-08-16,38,3127753,0.81,3.9
P0526,north,reading,middle,2025-06-17,25,1623061,0.74,4.4
P0527,west,math,elementary,2025-06-20,25,1786509,0.77,3.8
P0528,south,art,high,2025-09-16,19,849853,0.88,4.4
P0529,south,science,high,2025-11-09,37,1426701,0.73,3.9
P0530,central,coding,elementary,2025-02-22,25,1450497,0.7,4.2
P0531,east,coding,elementary,2025-03-05,34,1230583,0.63,4.1
P0532,east,science,elementary,2025-10-27,49,3756311,0.66,2.7
P0533,south,art,high,2025-06-03,26,964168,0.93,3.4
P0534,east,art,high,2025-06-13,33,2414147,0.8,4.4
P0535,north,math,middle,2025-05-16,25,1709153,0.69,3.6
P0536,west,coding,middle,2025-02-22,40,3100583,0.74,4.6
P0537,west,art,middle,2025-02-21,28,1893676,0.72,4.0
P0538,west,coding,high,2025-01-06,44,2414326,0.74,3.4
P0539,south,science,elementary,2025-04-25,45,3523312,0.67,3.4
P0540,west,art,high,2025-03-16,23,1381533,0.82,4.6
P0541,east,art,high,2025-09-04,23,1481275,0.74,4.1
P0542,east,math,elementary,2025-07-04,10,827843,0.88,4.8
P0543,central,reading,elementary,2025-01-07,19,1351126,0.88,3.3
P0544,south,science,high,2025-07-26,27,1942605,0.77,3.9
P0545,west,art,middle,2025-05-02,27,1218630,0.76,3.7
P0546,central,science,middle,2025-03-04,41,3294657,0.7,4.2
P0547,south,art,high,2025-10-10,30,2248702,0.67,3.5
P0548,central,coding,middle,2025-10-26,32,2173782,0.71,4.6
P0549,east,art,middle,2025-09-14,40,2715758,0.68,3.7
P0550,east,art,high,2025-02-02,8,561854,0.92,4.7
P0551,south,math,elementary,2025-10-06,15,924117,0.78,4.4
P0552,north,coding,elementary,2025-02-04,42,3469829,0.78,4.5
P0553,west,art,high,2025-12-18,28,1316110,0.84,3.7
P0554,south,coding,elementary,2025-01-11,19,1592296,0.74,4.0
P0555,central,science,middle,2025-04-10,28,1012253,0.91,3.9
P0556,west,reading,middle,2025-11-18,32,1750425,0.82,3.8
P0557,north,math,high,2025-08-25,22,1021139,0.61,4.4
P0558,west,art,elementary,2025-09-18,29,2060334,0.81,3.7
P0559,central,coding,elementary,2025-04-27,19,1458684,0.76,4.3
P0560,north,math,middle,2025-04-01,31,1248019,0.67,3.8
P0561,north,science,high,2025-10-12,33,1420216,0.82,4.5
P0562,north,reading,high,2025-09-25,29,1214080,0.72,4.0
P0563,west,art,elementary,2025-02-12,34,1641960,0.75,3.7
P0564,north,math,elementary,2025-02-17,34,1443094,0.73,4.7
P0565,north,reading,high,2025-07-10,28,1823870,0.9,3.7
P0566,north,math,middle,2025-06-02,15,1146574,0.71,3.7
P0567,south,art,middle,2025-01-07,35,1706450,0.84,3.6
P0568,south,art,elementary,2025-09-19,23,991204,0.7,4.2
P0569,east,math,middle,2025-08-16,36,2200740,0.47,3.3
P0570,south,math,elementary,2025-02-06,24,1961534,0.66,3.8
P0571,south,math,elementary,2025-05-04,25,1705775,0.67,3.9
P0572,west,science,high,2025-12-18,34,2101522,0.86,4.1
P0573,central,coding,elementary,2025-09-22,40,2518253,0.8,4.5
P0574,east,art,elementary,2025-02-14,33,1733492,0.84,4.0
P0575,north,math,elementary,2025-02-27,26,980767,0.68,3.6
P0576,central,art,high,2025-12-22,28,2327628,1.0,4.3
P0577,east,art,high,2025-06-05,21,1685345,0.79,4.1
P0578,west,science,high,2025-04-13,44,1695059,0.61,3.9
P0579,central,art,high,2025-11-13,24,890349,0.65,3.9
P0580,west,reading,high,2025-06-04,30,1545722,0.59,4.7
P0581,south,coding,elementary,2025-10-26,18,726661,0.73,3.9
P0582,north,math,high,2025-05-15,23,1573497,0.72,3.2
P0583,east,reading,elementary,2025-04-14,24,2015841,0.81,3.4
P0584,central,science,elementary,2025-02-20,23,933260,0.62,3.8
P0585,south,math,middle,2025-04-23,32,1635510,0.73,3.2
P0586,north,art,elementary,2025-04-11,25,1729185,0.83,4.0
P0587,central,math,elementary,2025-09-16,32,2245963,0.69,3.8
P0588,north,science,high,2025-11-12,35,1487604,0.72,4.1
P0589,central,art,middle,2025-10-23,29,1957763,0.94,3.1
P0590,central,coding,elementary,2025-12-14,17,867509,0.72,3.9
P0591,east,reading,elementary,2025-04-17,14,625776,0.85,4.1
P0592,central,science,high,2025-08-21,47,2882061,0.7,3.6
P0593,east,math,high,2025-12-07,25,1940768,0.77,4.7
P0594,east,reading,high,2025-03-01,25,1355597,0.99,3.6
P0595,central,math,high,2025-02-03,34,2469228,0.76,3.6
P0596,east,coding,middle,2025-06-20,33,1806633,0.87,4.4
P0597,central,art,middle,2025-09-04,37,2538060,0.85,4.1
P0598,north,coding,middle,2025-02-18,17,1347393,0.7,4.1
P0599,central,art,elementary,2025-03-24,21,1686300,0.93,3.3
P0600,west,reading,middle,2025-05-02,11,616277,0.73,3.1
P0601,east,science,elementary,2025-05-08,35,2549249,0.8,3.3
P0602,south,art,elementary,2025-08-14,23,1192301,0.64,3.8
P0603,east,reading,high,2025-05-24,33,2684782,0.87,4.1
P0604,west,reading,elementary,2025-07-24,20,1505324,0.91,3.6
P0605,north,science,elementary,2025-09-09,39,1807075,0.8,3.4
P0606,east,art,elementary,2025-06-25,35,2822626,0.85,4.1
P0607,south,art,middle,2025-08-19,29,2368028,0.85,4.1
P0608,south,coding,elementary,2025-07-01,45,2487731,0.78,4.2
P0609,north,reading,elementary,2025-07-21,17,999532,0.77,4.0
P0610,north,art,elementary,2025-09-17,36,2043727,0.63,4.2
P0611,south,art,high,2025-09-02,26,1764340,0.69,3.7
P0612,south,math,elementary,2025-09-24,22,1781010,0.81,4.7
P0613,west,math,middle,2025-06-25,32,1151418,0.86,3.8
P0614,east,science,middle,2025-02-08,36,2222236,0.82,4.2
P0615,north,math,middle,2025-10-05,30,1912445,0.76,3.0
P0616,north,math,elementary,2025-05-11,23,1339457,0.65,3.2
P0617,east,science,middle,2025-08-22,37,2710407,0.61,3.8
P0618,central,math,elementary,2025-11-26,31,2238943,0.68,3.4
P0619,central,math,middle,2025-07-03,40,1911189,0.72,3.7
P0620,central,science,middle,2025-10-14,44,2175200,0.78,4.3
P0621,south,science,high,2025-05-22,29,2242410,0.89,3.9
P0622,central,science,high,2025-01-10,21,1009315,0.86,3.4
P0623,east,coding,middle,2025-09-03,30,2536454,0.97,4.0
P0624,west,coding,high,2025-11-12,27,1588668,0.9,3.9
P0625,central,reading,high,2025-03-13,13,986552,0.76,4.5
P0626,central,art,elementary,2025-07-28,39,1520560,0.74,3.6
P0627,east,math,high,2025-10-14,19,1412449,0.56,3.5
P0628,south,coding,middle,2025-09-06,25,1996021,0.75,4.1
P0629,central,reading,elementary,2025-07-28,27,1391683,0.76,3.4
P0630,east,art,high,2025-01-07,18,705871,0.92,3.2
P0631,central,coding,elementary,2025-10-05,37,2382842,0.69,3.6
P0632,east,art,elementary,2025-01-04,22,1817326,0.66,3.3
P0633,central,coding,elementary,2025-03-04,37,2689080,0.69,4.2
P0634,east,reading,middle,2025-01-28,36,1967050,0.84,3.3
P0635,east,math,middle,2025-03-05,34,2142426,0.6,4.5
P0636,north,math,middle,2025-03-25,9,412238,0.82,4.3
P0637,east,art,middle,2025-06-10,27,1279874,0.73,3.5
P0638,central,science,elementary,2025-04-26,29,1325533,0.7,4.1
P0639,central,art,elementary,2025-01-05,22,1808084,0.72,3.2
P0640,south,reading,high,2025-08-25,9,332667,0.78,3.7
P0641,central,science,middle,2025-08-23,35,2102865,0.84,3.5
P0642,central,coding,middle,2025-12-15,28,1132379,0.99,4.0
P0643,west,math,elementary,2025-04-12,40,2578750,0.82,3.5
P0644,east,art,high,2025-07-18,33,2592048,0.97,3.8
P0645,north,science,high,2025-07-11,26,1094111,0.61,3.5
P0646,south,coding,high,2025-06-23,39,2571110,1.0,4.2
P0647,north,coding,elementary,2025-04-07,36,2693052,0.69,3.6
P0648,south,art,middle,2025-04-25,37,2227778,0.86,4.0
P0649,central,science,high,2025-11-01,17,1014310,0.76,3.8
P0650,central,art,high,2025-12-08,29,2323901,0.76,3.8
P0651,central,art,high,2025-07-20,30,1076571,0.71,4.0
P0652,north,coding,high,2025-12-18,37,1874649,0.86,4.4
P0653,east,coding,high,2025-01-14,36,1270360,0.71,4.7
P0654,east,science,middle,2025-11-18,8,321712,0.89,4.2
P0655,central,art,middle,2025-03-05,12,543341,0.68,3.5
P0656,north,science,elementary,2025-10-11,30,1068675,0.88,3.6
P0657,central,art,elementary,2025-09-24,20,1528731,0.74,4.0
P0658,east,art,elementary,2025-08-01,31,2177600,0.74,4.0
P0659,west,math,high,2025-08-26,17,1149618,0.71,4.6
P0660,central,science,middle,2025-02-04,36,2774368,0.58,3.5
P0661,south,coding,high,2025-07-08,27,1134145,0.78,4.5
P0662,central,coding,middle,2025-11-11,32,1851354,0.69,4.5
P0663,east,art,elementary,2025-03-23,22,936586,0.73,3.3
P0664,south,math,high,2025-11-06,30,1610001,0.67,3.2
P0665,central,science,middle,2025-01-04,22,1309165,0.81,3.5
P0666,north,reading,elementary,2025-06-15,21,1550637,0.83,3.9
P0667,west,art,middle,2025-03-04,30,1852815,0.98,4.2
P0668,north,math,elementary,2025-09-13,38,1682216,0.84,3.8
P0669,east,reading,high,2025-04-20,36,2042279,0.8,3.2
P0670,central,art,middle,2025-05-18,21,1430184,0.78,4.1
P0671,east,reading,middle,2025-11-19,16,1309125,0.73,3.3
P0672,central,coding,high,2025-09-16,37,2284337,0.91,4.7
P0673,north,coding,high,2025-03-17,28,1571743,0.88,4.8
P0674,north,science,high,2025-11-10,24,1249877,0.88,4.0
P0675,south,art,middle,2025-10-20,30,2373799,0.72,3.7
P0676,south,art,middle,2025-12-27,9,727712,0.62,3.5
P0677,east,art,elementary,2025-08-08,34,2555401,0.87,3.8
P0678,south,reading,elementary,2025-04-12,32,1821319,0.88,3.1
P0679,south,coding,high,2025-12-23,23,1441114,0.79,4.2
P0680,north,art,middle,2025-01-14,37,1647756,0.93,3.4
P0681,west,art,middle,2025-11-06,18,1428815,0.7,3.1
P0682,north,coding,middle,2025-01-02,24,1991819,0.91,3.9
P0683,central,art,elementary,2025-12-03,19,1070431,0.7,4.1
P0684,north,science,high,2025-02-16,23,1516249,0.87,4.2
P0685,south,coding,high,2025-02-03,21,1469523,0.76,4.2
P0686,north,art,middle,2025-11-17,20,1378937,0.68,3.9
P0687,north,art,elementary,2025-02-09,20,1568300,0.62,4.2
P0688,east,science,elementary,2025-06-07,28,1773999,0.85,3.7
P0689,central,math,elementary,2025-12-28,28,2191077,0.65,3.6
P0690,north,science,elementary,2025-04-02,40,2077648,0.74,3.6
P0691,west,coding,high,2025-12-22,38,1717383,0.9,3.5
P0692,east,math,middle,2025-05-03,32,1379320,0.69,4.0
P0693,north,coding,elementary,2025-10-19,32,1328118,0.62,3.8
P0694,west,reading,high,2025-07-10,36,1827454,0.83,3.3
P0695,west,reading,elementary,2025-09-03,13,535090,0.76,4.1
P0696,south,math,high,2025-06-14,33,2639804,0.59,4.2
P0697,central,math,high,2025-03-28,55,3631895,0.68,4.5
P0698,central,coding,middle,2025-02-05,24,1882752,0.81,3.7
P0699,north,coding,high,2025-04-02,26,1998538,0.77,4.2
P0700,central,art,elementary,2025-10-17,23,1755925,0.77,3.2
P0701,south,science,elementary,2025-09-04,29,2449060,0.8,4.0
P0702,north,coding,middle,2025-12-20,35,1274827,0.65,4.2
P0703,west,coding,high,2025-04-20,33,2044524,0.71,4.4
P0704,north,science,middle,2025-01-17,42,1669051,0.77,3.7
P0705,east,coding,high,2025-05-01,29,1462922,0.79,4.0
P0706,central,science,middle,2025-03-28,45,3793033,0.76,3.6
P0707,central,coding,high,2025-08-03,26,1935757,0.86,3.6
P0708,central,art,elementary,2025-09-10,15,843233,0.75,4.8
P0709,east,art,middle,2025-09-18,17,1103151,0.85,3.7
P0710,west,coding,middle,2025-06-06,29,1807742,0.78,3.7
P0711,north,art,elementary,2025-06-28,24,1355416,0.57,4.0
P0712,north,coding,middle,2025-01-22,43,2306456,0.6,4.0
P0713,east,math,elementary,2025-06-11,21,1547182,0.74,3.9
P0714,east,reading,middle,2025-09-23,20,884410,0.75,4.2
P0715,east,art,elementary,2025-05-27,27,1454007,0.77,4.3
P0716,south,math,high,2025-07-11,27,1818557,0.74,4.5
P0717,east,art,middle,2025-11-22,21,1655778,0.83,3.7
P0718,central,reading,high,2025-11-23,38,3097164,0.79,3.3
P0719,north,science,high,2025-05-04,33,1949318,0.72,3.8
P0720,west,math,high,2025-02-14,29,2077740,0.68,4.3
